# Исходный размер 2-го сверточного слоя: (128, 4, 4)
# Ядро сверток:
-5.496382056119172299e-01 -1.647907007297377269e-01 1.805068757504358079e-01 1.338226378437455157e-02
1.237298663951211103e-01 2.291269770992968580e-01 4.545615437219955313e-01 5.835024086667207205e-02
2.785856814024952888e-01 -1.473709483302671763e-01 2.856056800434095821e-01 7.034827929745593456e-02
4.427181972502161056e-01 -1.059304643472631646e-01 -2.173863021354880895e-02 -1.761889461805686286e-01
# Ядро сверток:
-1.193299449951151781e-02 -2.756085914059543396e-01 -3.717869688821458518e-01 -3.511257212626242019e-01
-1.912186308999752615e-01 -2.670197600667902349e-01 -5.672774513090161203e-02 -2.613202349377777844e-01
-5.888080475729412511e-02 -5.908878917236957962e-02 3.730776532861095895e-01 1.085585559696081587e-01
-1.192327044334839936e-01 -1.415627539819386826e-01 3.030724257460227777e-01 -1.371368925106460912e-01
# Ядро сверток:
3.646184930653628697e-02 3.058828893794530157e-01 2.701429057798377942e-01 -2.390121489882522376e-01
8.825915765259101375e-02 -2.379181278815921674e-01 -1.536990828141722998e-01 3.090110710036484409e-01
-1.333057283341250454e-01 -1.866325468280053412e-01 3.001335404934203366e-01 2.323859133416349143e-01
2.604710512449444695e-02 -2.380196621685375380e-01 -1.501234250476517484e-01 -5.732486215774292015e-02
# Ядро сверток:
-2.564355053315844346e-01 -2.564388454691834962e-01 -8.213093465551685179e-02 1.859687079389163167e-01
7.346172555038439633e-02 7.547440061041697790e-02 6.065783602707563310e-02 1.721232493915351436e-01
-1.265716494129340564e-01 -2.041630954997288305e-01 -3.744530970713964568e-01 -1.992883468426060178e-01
-6.160544162646139910e-01 -1.824897352014280827e-01 -3.030470476849920214e-01 5.415371793889168783e-01
# Ядро сверток:
6.155489737330382613e-03 -2.968903215292736930e-01 1.783458775461150281e-01 -3.496871191076546537e-01
-5.271493043643226545e-02 1.167327051488045858e-01 6.451773953276187523e-01 -4.136011025147313946e-02
-4.113311211337669637e-01 4.856219154265646598e-02 3.132952402356405930e-01 3.568102081155521410e-01
-3.331683684932796874e-01 1.991239187580907677e-01 2.511396591046844429e-01 9.766003844404759493e-02
# Ядро сверток:
1.756984056720588550e-01 -2.830480600171966232e-01 -2.122434521886538972e-01 5.330963966968697842e-02
1.967256098377026530e-01 -2.086041311133053078e-01 1.121213971019454914e-01 2.843921962008628679e-01
-2.044166387809961127e-01 -8.044677500324633190e-02 -2.027262377132725557e-02 -3.091861888269351044e-01
1.592358619588648272e-01 1.899746902614140101e-02 -2.783591486671015969e-01 -1.040471878751278029e-01
# Ядро сверток:
-1.698911004792748591e-01 1.956006424909670707e-02 -7.271923742074357655e-01 -4.170517835603697043e-01
-7.576784230689973532e-01 -2.156815392628136097e-01 1.246909713352481880e-01 -1.902327492170277634e-01
5.448166576796645844e-01 2.473654334402191346e-01 -2.505317813685392081e-01 6.768524108553383885e-03
2.838444047643773893e-01 2.437253417443172865e-01 -3.460127239086556727e-01 -7.114951356730196685e-02
# Ядро сверток:
-2.314708392491257941e-02 -2.762138127160044740e-02 -1.654400809515492801e-02 -5.094284758320701822e-01
6.244314054803885572e-01 1.095453101028490001e-01 3.479211734791023969e-01 8.775043479208229080e-02
-3.170355072741625757e-01 4.028918224099833911e-01 -3.963303342867260937e-01 1.089020955122375484e-01
1.493990037127633508e-01 1.282147509039282263e-01 -3.938413947252252800e-01 -5.173741294885018938e-02
# Ядро сверток:
6.849373616821763378e-02 5.496169698296653888e-02 6.703792459440537088e-02 -8.919602379565705341e-02
3.108795981333409286e-01 -3.127057501997067557e-01 -2.070405817276169402e-01 -1.152907415040726746e-01
-1.106607167017425036e-01 8.486612105060742373e-03 3.026862238322622911e-01 -3.992655970352453065e-02
-3.484989732322631151e-02 7.008415055919339776e-02 -2.910990939404577427e-01 3.583015628487465909e-01
# Ядро сверток:
-1.091426267834462033e-01 -3.025416065954876221e-01 5.523367124936015560e-02 -1.088859652446323156e-01
4.436416931800927221e-01 -1.609513998858271011e-01 2.446082715493935050e-02 3.511538410225333862e-01
-3.918588153496255222e-02 5.627081085295781993e-01 1.903595070494304431e-01 4.590346541456472584e-01
-2.596074290576542154e-01 2.152650311948565431e-01 3.357668510651062310e-01 6.425534228404026216e-01
# Ядро сверток:
3.512368699798460447e-01 -5.637137614515378425e-01 1.963408353400156181e-01 -6.725291053974413735e-02
-4.092054428255770260e-01 -2.235008184716770208e-01 -8.803610639551656680e-02 1.426423306052187756e-01
6.176172682726201874e-02 1.902962888006487496e-01 6.936097323159905181e-02 -3.153883266857924195e-01
1.248681572930193245e-01 6.527369257234762190e-02 3.110934560508342162e-01 2.167298504760415412e-01
# Ядро сверток:
4.681629527181354056e-01 1.344877802938600486e-01 -3.026785031953191929e-01 -5.300826450718034710e-01
2.079870499711499732e-01 1.033225491408230369e-02 -1.423560507230310357e-01 -1.914616279140295141e-01
-2.101206014948243384e-01 4.036804338826728289e-01 2.694808082068734234e-01 -3.397775396908510326e-02
3.114194400805482266e-01 7.822155152788129451e-02 -1.228272985614630303e-01 -2.033762114058837722e-01
# Ядро сверток:
-2.840478310422915875e-01 1.043741021057619928e-01 -2.474136932018410062e-01 -1.408423145548980682e-01
-5.994114786266274697e-01 -1.256751093542251563e-01 8.161405727396506271e-02 -1.457366717411409107e-01
8.823236173796478177e-02 7.465644575647845116e-02 -1.910470652593490928e-02 -4.748626518077019854e-01
-4.431211249768337440e-02 -1.647741571585611409e-01 2.816705876375044659e-01 -2.247664613217937313e-01
# Ядро сверток:
-1.433808103249067101e-01 -8.034509190174844717e-02 -1.850972108115358228e-01 -2.055746193036602221e-01
1.959184681312270970e-01 2.027782335784441003e-01 -2.413710434040905739e-01 -2.446333825981544530e-01
-3.270187590830910263e-01 -6.366459291319583880e-01 1.354254913602329358e-01 3.105191124628816080e-01
-4.793117810385243427e-01 -2.712323598881457021e-01 -2.134683488466772305e-01 -2.329498770901862470e-01
# Ядро сверток:
-8.158770251843328047e-01 3.087304827889865155e-01 -8.705654026275179425e-02 -4.884610993778603083e-01
-2.465633509261058454e-01 -4.656871849550264092e-02 -2.759506061756595297e-01 1.974794838413030176e-03
4.053472962847834982e-01 1.424890800624163123e-01 5.004702708550612389e-01 8.724759999178395564e-02
-5.367694449750310959e-01 1.699201850976606587e-01 -1.152303177102403653e-01 2.236176974772952353e-01
# Ядро сверток:
1.846865945600319747e-01 -2.047188075057232159e-01 1.872886561876720146e-01 -1.029456127530107984e-01
9.924763742467217209e-02 1.713188723866753693e-01 4.197157916558495738e-02 -2.468438341988363899e-02
-1.595997394745939657e-01 -1.338894450692117155e-01 5.060946466751904682e-02 2.426496431254428487e-01
-1.600886818360180985e-01 1.551666252720492190e-01 -2.919316308767521684e-01 -9.775773732253563095e-03
# Ядро сверток:
1.065016362032197850e-01 -1.975520077157668919e-01 -8.301646801309729706e-02 -1.295444100234959817e-01
1.328843712264656252e-01 -2.446167070360804052e-01 2.618456987778542411e-01 -1.358834259464929695e-01
5.486695233053048293e-01 2.051778479866757376e-01 -2.434872070737768845e-02 1.988844889898421647e-02
1.083226494836880965e-01 -8.090034388899121354e-02 -1.622329588880337958e-01 2.786782631311392477e-01
# Ядро сверток:
-1.041333038341032552e-01 -3.042630661936648884e-01 -4.006999672188513162e-02 6.574454417463427847e-01
2.901750818619423522e-01 5.447371192183444316e-02 3.953161696327464059e-01 1.510345123647180987e-01
-4.757152175307378661e-01 2.477201608520117893e-01 -8.461046211376158088e-02 -3.444943219690015379e-01
-3.958976257963511824e-01 -2.576432282783731598e-01 3.140796852587200427e-01 1.131150239461381907e-01
# Ядро сверток:
-2.080161969530305022e-01 1.623975704911558848e-01 2.698500626263314883e-01 -1.495516198007872111e-02
1.836596500644552543e-01 2.103107206585296818e-01 2.520396256207177998e-01 -9.663729631668016573e-02
-4.000611122002619702e-01 1.220184859851884129e-01 2.189614920268011244e-01 1.840157669646268479e-01
-1.196554389193119350e-01 1.652909462060311585e-01 3.406287875818186234e-02 -3.767054783423252895e-02
# Ядро сверток:
-2.233246738962744171e-01 1.209046199206596506e-01 -1.693415056126467422e-01 5.488647383295994775e-01
-2.068611229820778163e-01 -4.618486594658903488e-02 1.503035000961237821e-01 -8.516490839925909828e-01
-1.405959756866174137e-01 3.787525973040454241e-01 -5.020643718039151659e-01 -3.354252269047557078e-02
1.536458418131330106e-01 -2.665874991152705209e-01 3.394471529652863806e-01 -4.772225910338666610e-01
# Ядро сверток:
1.626533733218876454e-01 2.732746346451685876e-02 3.463100280927901287e-02 3.996823609096211987e-04
3.524910887010410110e-01 1.758911989770992057e-01 -2.169115853177603082e-01 -9.718560363120824774e-02
9.359761690052754990e-02 1.236533117230719236e-01 1.087867107158866919e-01 2.032520505340786876e-01
-1.046894220278590110e-01 -1.474792013228705956e-01 -5.768277777795607214e-02 -2.975769379169432849e-01
# Ядро сверток:
-6.850588177612045027e-02 -2.706848580576882990e-02 1.957687232487920204e-01 -8.582841749722140701e-02
3.508589686003233954e-01 -2.830573640476255481e-01 2.482774480423931979e-02 2.793748586520759525e-01
-2.577918313958597052e-01 5.048931466135596624e-01 2.261362218098604271e-01 7.480700637273467180e-02
-3.109556535240893260e-01 7.057776179549818396e-02 5.097224130138876541e-01 2.428275092617195596e-01
# Ядро сверток:
2.545211607156735445e-01 2.470117179520811002e-01 -1.981759703463275013e-01 -2.371653271321385037e-01
1.832920185061579985e-02 -4.269092796904175313e-01 3.372214280872900538e-01 2.588610176992191536e-01
-8.313338606467617076e-02 -1.385372670248264000e-02 -2.306781444355655575e-01 -1.686403272445687607e-01
-8.287367199953912800e-02 -7.604052343508737044e-01 -1.938348824453243469e-01 2.227573286243666462e-01
# Ядро сверток:
-3.018748956513139792e-01 -8.221283149466156182e-02 1.280614582226820564e-01 -3.261783406807692298e-01
-5.974492890494336773e-03 -1.286266875188018521e-01 -4.405265275380508272e-01 1.679571513888004778e-03
3.298496208034929489e-01 -1.986720712373772624e-01 -5.556096983765549530e-02 5.397154972378765542e-02
2.407914979134060385e-01 2.418606838010061988e-01 1.821727943459399909e-02 2.739441826925440374e-02
# Ядро сверток:
-1.458890378361506757e-01 1.526646053848892404e-01 -1.844127493134012363e-01 1.223187157525169183e-01
-2.129364061140881503e-01 3.147922497571239292e-02 -1.390117113762043832e-01 -2.506828230266041624e-01
-8.479131217842522661e-03 -5.837808144684363265e-01 -1.929199682335859811e-01 2.396415420915405381e-01
2.460116697399733487e-02 -2.033272058145503269e-01 -2.461741986692526918e-01 2.088909559121160664e-01
# Ядро сверток:
2.169642201739554188e-01 2.918054727143159499e-01 3.903218467614082837e-02 1.295351621410826826e-01
-2.141636868503043467e-01 1.943426630040650249e-01 5.404456833673858540e-01 2.763403305770196217e-01
-6.537198320674643404e-02 -1.214164658529440499e-01 -1.423283917636754825e-01 3.157592302192427924e-01
6.250635475377822048e-02 -5.018087916866816739e-02 -5.423022587706040343e-02 4.681482218870134937e-01
# Ядро сверток:
4.588060718722314912e-01 2.213017924941445280e-01 -2.578290540774699768e-01 -1.314178322770474250e-01
4.344119969826367995e-04 5.490693898446375593e-02 -1.244850646093970947e-01 1.595374219127854154e-01
9.634507406469632051e-02 -2.132614284516679837e-01 -2.381971161512837568e-02 -1.262045502804505850e-02
-1.995986793768982637e-01 -3.287504970816246957e-03 9.908501023584299905e-02 1.032878997105476648e-01
# Ядро сверток:
1.987459369632848805e-01 -8.824754382682592491e-02 -1.453239668761367731e-01 5.332091515755594813e-01
1.849682398625599189e-01 2.299050255263180298e-01 3.690981702019525690e-01 2.147339552550399655e-01
-4.897446827824701865e-01 -1.598118587765423870e-01 4.276207347180899926e-02 3.983409026513689000e-01
1.802554818493034075e-02 4.546184863640054252e-01 -6.236574479158570883e-01 8.841848620642601964e-02
# Ядро сверток:
-1.306529318885208402e-01 -1.954569115148134181e-02 -3.999289364165884986e-01 -1.914937403885819123e-01
8.264306638940335792e-02 1.499941620012480194e-02 -3.824660766820644486e-01 1.132467934671464310e-01
5.611946435274595135e-02 -6.967961627208128783e-02 1.570851782152868636e-01 -4.605652956108392537e-01
-1.355909158177029117e-01 -3.169786564871016621e-01 -6.009486684581287486e-02 3.852178583321824168e-01
# Ядро сверток:
-4.600837753712755385e-02 2.732669873094640822e-01 9.706419327892526483e-02 -5.716779060796223222e-01
1.827706792107147982e-01 3.684485856864602726e-01 -3.793293987698072994e-02 6.388300620606947311e-02
-6.771969482397651729e-01 -4.335812458747254627e-01 -1.646509949078386603e-01 -7.041831385361202282e-03
-6.503870372096094421e-01 1.579160339003827240e-01 -2.893189951231400769e-01 -1.745200155619038851e-01
# Ядро сверток:
-1.892740359433347508e-01 -2.402071420615838337e-01 1.169371475690317436e-01 -8.216541482003697494e-02
-2.242774477074086226e-01 4.414630512756443359e-01 -3.089784719321821416e-01 -3.359784725533168093e-01
2.757905666549075874e-01 -3.277689218130787063e-01 -2.252023075894775406e-01 -1.147436289982289581e-01
1.050477878298301804e-02 4.300867566673395315e-01 5.046518643640988434e-03 7.348222170518291241e-02
# Ядро сверток:
-4.213022824631720842e-01 -2.345497806307535460e-01 2.250508388003707658e-02 1.686812290357131150e-01
9.639313689984067846e-02 1.447432724874877230e-01 -7.608492928019852490e-03 -2.786984634120355797e-01
-2.430232821672850263e-01 -2.990176757743509550e-01 4.433022111500659612e-01 -2.145385780632954043e-01
-3.677756859066372980e-02 -1.712403770036308726e-01 1.194048129390841290e-01 -1.976894483808258884e-01
# Ядро сверток:
7.437661925111858918e-02 3.987555142339818115e-01 6.873832046536136609e-02 4.868099618710756277e-02
7.287416169376799424e-02 3.049563091301485396e-01 2.261833649138793312e-01 1.630468722527346759e-01
2.211161009211035696e-03 -5.972813658187324515e-02 1.558674493808319926e-02 -1.437774165892159728e-01
6.246801805019210757e-02 -1.466840712915818690e-01 6.694227466471991406e-02 -8.914465547932162726e-02
# Ядро сверток:
6.042412352309860929e-02 3.907541083710124319e-01 1.379227811061051363e-02 3.306187033298205180e-01
3.990226124682068609e-01 -1.494279439628723172e-01 -2.879610057093957010e-01 -6.172320812381533184e-01
3.609052246032311978e-02 -2.904112763978530798e-01 1.331263964525032095e-01 2.518386663517326388e-02
2.142639142017968290e-01 1.811076893167698765e-01 1.234299169966579651e-01 -1.574666596695544207e-01
# Ядро сверток:
-2.362357610641930561e-01 -2.438860317777994391e-01 -1.260206898998818825e-01 4.452928335370739260e-02
3.021924795003053110e-02 -4.060908577697520672e-01 -8.244043935531587819e-02 2.927279452624418354e-01
-3.587181151135231949e-01 -1.843617673978341087e-01 -3.308163098668335245e-01 1.447633451108384095e-01
1.668638266158692374e-01 -6.674486373556950403e-01 2.376472765602486992e-01 6.183005417308309187e-02
# Ядро сверток:
3.081371410388722767e-02 4.239563762471088709e-02 -3.011315701210928175e-01 2.870490663859269209e-01
2.525992297497778316e-02 2.312699496249293329e-01 4.437977687989629882e-01 1.699922247471778447e-01
2.225227915792027389e-01 4.404819167947968128e-01 -3.072954871181123870e-01 3.661778788819053387e-02
3.059653925984339162e-01 7.384891104568910292e-01 2.843833749616975215e-01 6.349442600369926692e-01
# Ядро сверток:
1.542306420919688226e-01 -1.335766620993257547e-01 3.401035585808417916e-01 -3.608285157722130321e-01
3.418052438851195696e-01 3.284657010846097069e-01 -1.187336545129352022e-01 9.834830894800830614e-02
-2.087838808399867518e-01 5.463449792111548797e-01 -2.596131129276402216e-01 -1.422190802857968284e-01
-1.845070249280220953e-01 1.026870649219009252e-01 -4.044815228447459776e-01 3.713938799378566080e-02
# Ядро сверток:
-2.638913503762592705e-01 -1.914546223591709617e-01 1.039950119206729390e-01 -7.140824175354967829e-02
4.964869610084520213e-01 -3.252572038643595786e-01 -5.552751044909950626e-03 3.151229569229033745e-01
9.684512828054080147e-02 3.804397100441994639e-01 -4.752007309807819158e-01 -6.627602911692259680e-02
-3.899137923321081139e-02 -3.109165125869837176e-01 2.375240615483847628e-01 1.240490375947114199e-01
# Ядро сверток:
-1.465382965375925661e-01 -4.766661603684686777e-02 -5.931169903435101753e-02 1.742238333075921963e-01
-3.331817706511257526e-01 -1.859504381745253343e-01 -4.867451512604779595e-01 9.385099057684954948e-02
1.548874119128507143e-01 8.883594551030318809e-02 4.447388453568300037e-01 -1.786477689315696948e-01
-1.147717033898606742e-01 -7.624481227441168296e-02 2.070961827136834910e-01 -4.697936991559201192e-02
# Ядро сверток:
7.368960195572562544e-01 -1.180419832183327578e-01 -5.339438671325443669e-02 3.659604635145228269e-01
3.939982160773636277e-01 -1.588384221393774332e-01 8.941834011603980170e-02 -9.224601220863992701e-02
3.965615035371444080e-02 -2.788046788115571828e-01 -2.271387028544749609e-01 -5.169360591488719563e-03
-2.677423928526589947e-02 2.741169373224595918e-02 4.182200715067755925e-01 8.132411741242283679e-03
# Ядро сверток:
-2.252108462604542338e-01 2.439609892721417705e-01 -4.445442491198010604e-01 5.356877023016212158e-01
-9.170055531854989783e-02 -2.230334848785850144e-01 3.170364705654694082e-01 -2.692690008214284822e-02
1.421186092154634317e-01 -4.786284219774596983e-03 -4.546209818539194703e-01 -4.666933345280458445e-01
-1.263370903301143378e-01 3.458197994912832335e-02 -2.271257528811098866e-02 -1.690005440244350954e-01
# Ядро сверток:
-3.300552372433165904e-01 1.293549125731091320e-01 9.676263722463573913e-02 -6.857865446001913667e-02
-5.471031461363629056e-01 2.505667798373364952e-01 4.147750804037964728e-02 -2.857776286294832491e-01
-4.476799097250002690e-01 -3.278679925320034938e-01 -6.130427828009345041e-03 3.697029135277328949e-03
1.595915645619131462e-01 7.033534475002030384e-02 1.478492540331156624e-01 -9.206060710323459018e-02
# Ядро сверток:
3.260546676426462898e-01 -1.209171737115303097e-01 2.224732475973406620e-02 2.827793468831285018e-01
-4.458712988789429593e-02 -2.444728982584348509e-01 1.702816483038599171e-01 1.881375432686042681e-01
-1.830542582727092138e-01 -1.728227928822595183e-01 -8.535617182031411676e-02 1.512617124237060906e-01
-1.525895781527991102e-01 1.113211809243686845e-01 4.970896658781746580e-01 2.585122054607352227e-01
# Ядро сверток:
8.566597402018827356e-02 -7.209785743485418452e-01 -4.022272053837581129e-01 2.822099443240754218e-03
4.039470757925911135e-03 -9.610310592138539276e-02 3.740577078632468383e-02 -1.775336470381041198e-01
-1.927176001772756136e-02 -8.771313700149400983e-02 -1.046928584209013413e-01 2.505906603751542616e-01
-7.619522222368532716e-02 3.876876945397195739e-01 -3.852012293006903607e-03 1.040022811991314355e-01
# Ядро сверток:
8.271814371106334107e-02 3.330523807306620121e-01 2.757423785559517393e-01 1.552310060256706925e-01
2.238059968020437440e-01 3.038624148531786362e-02 -2.949807232920296785e-01 -2.725286690352946017e-01
-2.637001248793854891e-01 -3.409854440294409622e-02 -1.255628117294942947e-01 3.032341170883302572e-01
1.333930125470720873e-01 1.219040285412351619e-02 -3.047469111716473791e-02 -1.340168968361151458e-01
# Ядро сверток:
-1.791034174345867702e-01 -1.439452938756388689e-01 2.306842126143857641e-01 -4.096838233184734168e-01
3.629486538782293881e-01 -8.454192798127033170e-02 -1.619744923788077884e-01 -1.183805598675836540e-01
-2.446338596682988697e-01 -2.893366855322859754e-01 -8.647632478096664577e-02 -5.098449473439541774e-02
-1.465147666292367090e-01 1.608298974211287979e-01 -7.931759425464965374e-02 2.700190678512127962e-02
# Ядро сверток:
-2.257823758774726297e-01 1.740853101148845394e-01 1.716099637414301993e-01 2.007015522857931999e-01
-5.930712811059504208e-01 1.799805916547065343e-01 -1.927642698912628294e-01 2.810898849152044243e-01
1.248566561614705833e-01 -1.301525556330161704e-01 2.865463772575093104e-01 -1.598043999074930666e-01
-9.304977545036519082e-02 5.418241635179797677e-02 5.358198064940052907e-01 3.678506453594793113e-02
# Ядро сверток:
-6.988382600116449517e-02 -1.991837138585229872e-01 1.422018454208454907e-01 -1.847187197504730483e-01
3.587122851509441657e-01 3.321650314083777200e-01 -1.865040267058543089e-01 1.222018256835065986e-01
-3.197577246243050730e-01 -2.215080756752022678e-02 -4.384078837418459162e-02 -5.667483444144532506e-02
-3.092051845827471779e-02 5.454725503864726183e-02 1.107388894289831061e-01 9.806983443748486240e-02
# Ядро сверток:
2.637002362285311222e-02 4.553387519671666661e-01 4.779008915490445819e-02 4.208748969332787304e-01
-5.567625519369028275e-01 -1.879209406740489294e-02 2.685908452104953659e-01 1.349595904636499482e-03
3.740158531909952289e-01 -5.053192526244844052e-01 -1.267554805686379737e-01 9.813796434099254784e-02
2.387864726294211815e-01 9.441762757132947381e-02 -2.895671534439576700e-01 2.593383414198277559e-01
# Ядро сверток:
4.767888017810404944e-01 9.065227053750216091e-02 3.600078182292990592e-01 -2.945211166139964365e-01
9.039500677180259403e-02 5.559234211440736845e-02 1.307019959407010878e-01 4.344962314295958833e-02
-2.260332687072666713e-01 -1.578172966515735964e-01 2.877576675045327992e-01 3.854204905315549573e-02
-1.293251489058708514e-01 3.753958011421978935e-01 -1.613803476287919980e-01 4.172058572296709622e-01
# Ядро сверток:
-2.824709243588078844e-01 4.239845508619639880e-02 1.070811399222530852e-01 7.038742425748945042e-02
5.062851732831751689e-02 3.799751482645608580e-01 -1.503543622271678037e-01 1.372243959453516016e-01
2.340834117914641077e-01 -4.064864106172847991e-01 -1.874251881924174634e-01 2.228476902758806319e-02
2.391728836860234145e-02 -3.999806823592280125e-01 3.742537192805044377e-01 2.234054579838584131e-01
# Ядро сверток:
-4.418694504467295947e-01 2.561389350985509017e-01 6.277607390984688562e-01 -1.400254249609529933e-01
-3.671742239313675049e-01 -1.045021584213389754e-01 5.953432517703865362e-02 2.459366647437167819e-01
-4.929586904144900861e-01 -1.435169404246455782e-01 1.586258474372830365e-02 2.197117268029881096e-02
2.788596362847567955e-01 4.058348429487079745e-02 5.504209518682291469e-01 -3.831995429716178458e-02
# Ядро сверток:
-1.422773349994556000e-02 -1.493894956449540526e-02 -3.202910798478734167e-01 -3.054574623182247928e-01
-2.093678304180215388e-01 -3.237400023147830874e-02 -2.323968388932697374e-02 2.334172905670426137e-02
5.219954353638025513e-01 -9.511242286953455749e-02 1.644984823325905676e-01 -2.453698060110961685e-02
-1.377406532337277327e-02 3.156649204016417354e-01 -3.612855409142705088e-01 1.637591972537492668e-01
# Ядро сверток:
1.427562762422849851e-01 -2.772170592845767945e-01 3.291727000724309904e-01 9.785356188022784063e-02
-9.262625218079389988e-02 2.290832798577974172e-01 -3.021182874735647839e-01 2.813139688102429814e-02
-5.502034712518130699e-02 3.876435816353378944e-02 -4.306350352134329929e-01 -1.151416342557170236e-01
-4.621129186091184615e-01 -8.814355426396870696e-02 -2.432387739929584847e-01 -5.558293415563068940e-02
# Ядро сверток:
-3.264800410525769414e-01 9.262725225759239900e-02 -1.591276869213500422e-01 -7.721862329639617162e-02
2.863986147883681999e-02 -1.805251471203832836e-01 -3.154595460015910402e-01 8.324465069805712936e-02
-1.740401588365159125e-01 5.562846520130661915e-02 2.053519653752742813e-01 2.648869495632689142e-01
8.380577925513453541e-02 -5.563943654400199668e-01 1.799516647974504224e-01 -1.237403012193710738e-01
# Ядро сверток:
-9.555258557209674042e-02 -2.652537013954188172e-01 -4.943049429855678745e-01 -7.425845067286988843e-02
4.810943806333149442e-01 -3.040712247275325075e-01 -1.619695371402061768e-01 4.954742251897734789e-02
2.749868067097079871e-01 -2.378459673803379193e-02 -6.072840132902486143e-01 3.536493277736990071e-01
-4.739213904730196769e-01 -7.295058679863417050e-02 1.099346509292570551e-01 4.007672004905916130e-01
# Ядро сверток:
1.762539397533843533e-01 5.655170603156178810e-01 -3.070531944179559214e-01 1.105407797288485011e-01
-3.180653973152461900e-01 -2.161981480180518722e-01 -2.587080238811974575e-01 -4.033405201704786114e-01
-9.142869331981422210e-02 2.799235487086660507e-02 -8.720825090070781493e-02 -4.609957073842951836e-02
-3.775350570900969926e-01 1.247016190292717236e-01 -4.525137942957360715e-02 -6.057078185137045878e-01
# Ядро сверток:
-1.423068513884022390e-02 3.516952732789893066e-01 3.054512166988263555e-01 -3.375766310246199886e-01
-1.037966812122984167e-01 -6.141414835440518472e-01 2.958598237812757464e-02 -6.508638539363068021e-02
7.447667447956332065e-01 -7.066765042433445498e-02 -1.128743440671580583e-01 2.392753734736834392e-01
-4.730255988306142911e-01 -1.621823881602040829e-01 6.063383230217631731e-02 1.342571663124024761e-01
# Ядро сверток:
4.834272128761969711e-02 -2.120795210623653837e-01 -1.941159862365432753e-01 -3.203572449738716355e-01
2.329923631374294923e-02 1.503381282769176153e-01 6.412171974921400397e-02 4.160304446961946567e-01
-1.941536791810229423e-01 -8.506414669177805865e-02 1.161868472867693819e-01 4.027040738329166758e-01
-5.273821764057327055e-01 -4.457373838317562065e-01 -3.606695278985593278e-01 -6.390886754156372973e-01
# Ядро сверток:
6.701722089687901784e-02 1.161463775477063476e-01 3.520082183580963697e-01 -1.750498357406571892e-01
-2.849928958141543789e-01 5.074596454628174103e-01 3.423190180070318500e-01 3.162503396033455871e-01
1.130260055552887444e-01 1.554264659992993236e-01 1.615968307731765474e-01 3.998551958924427829e-01
2.467519549073808049e-01 -2.121824966993387795e-01 5.548981145512973390e-01 1.104590162467657261e-01
# Ядро сверток:
5.982182541748876092e-02 4.749710447780773268e-03 -3.225415652238611819e-01 -3.734790514181829391e-01
1.770985957815261469e-01 -1.285938603393666779e-01 1.145732773081900441e-01 1.085972146671615110e-02
6.269867851252419744e-02 -3.837798331136637597e-01 -2.843628009649659671e-02 -1.563424063847091150e-01
-8.424121130886701170e-02 -2.076990644319797741e-01 -1.773633071377454240e-01 4.625666326682631446e-01
# Ядро сверток:
-6.197501252930089771e-02 -6.238878876511335519e-02 -2.271322174055473708e-01 -4.942489747928763971e-02
2.057418228818358175e-01 9.850343364095662246e-02 -1.906730547844731893e-01 -1.713583802726277583e-01
-4.204017517665579740e-01 2.323098333462828360e-02 2.791238055034786329e-04 -9.195203659706024935e-02
2.445806737171252188e-01 1.550185553851042564e-01 6.151542778959079999e-02 2.727623544199696964e-02
# Ядро сверток:
1.009877350056228862e-01 -4.989526700618878569e-02 1.956877413198950533e-01 -2.250074728549071312e-01
-2.403322282639574776e-03 1.044646012118418260e-01 1.800026693797423735e-02 3.748482995798962936e-01
1.724334674937313128e-01 9.225317767736367081e-02 -3.564115984547389093e-01 -6.011776025665255263e-02
-1.227573152084514424e-01 5.505670768723882613e-01 -7.677734509738354252e-02 2.489406562428101710e-01
# Ядро сверток:
-7.439758691306544436e-02 -1.792487078598020006e-02 -1.327269695156447771e-01 2.020679758155208838e-01
5.790473951462996038e-02 -5.016331210150720005e-02 5.479958705306059441e-01 -5.072132764987284936e-01
-9.197886909356677021e-02 2.432785918566909011e-01 1.760415905159457561e-01 6.600298007576725808e-03
7.740097300547540971e-02 -1.212388992385328781e-02 1.129704069949689638e-01 4.095359763138281539e-02
# Ядро сверток:
5.770570513029120441e-02 -1.740568501533550916e-01 -1.552017420241038614e-01 -2.706103226526940242e-01
-1.396454668954281442e-01 -2.924255609736188255e-01 -2.919439387439356492e-01 -1.088235902083746209e-01
1.680352815423379609e-01 -4.561711130824314120e-01 -5.188991408226574231e-01 3.361846969625211790e-01
-1.057912293200384962e-01 -5.261548700640168719e-02 -3.753419899163323165e-02 -2.430521470988613320e-01
# Ядро сверток:
-2.056768000395111373e-01 -1.263863585206043971e-01 -1.157028007820986581e-01 1.265778991638489004e-01
-5.167909467107957289e-01 -3.390998158877458479e-01 -4.047704519273282453e-01 -4.015968405264945251e-01
4.454216122199805561e-01 -1.566954553455866817e-01 1.157617405857914311e-01 1.792977765721165753e-02
1.748880976539579357e-01 -5.647745920852996759e-01 2.437443891450660413e-02 2.106708218659575707e-02
# Ядро сверток:
-2.640934082463796129e-01 -1.949677628225265219e-02 2.623830716084500358e-01 -1.859409456838063621e-02
-1.362780349405266489e-01 -3.423890731705069024e-02 1.567923665699281210e-01 -2.796160244244959014e-01
-2.251102973947895769e-01 -1.015636697785488041e-01 1.941812045744773507e-01 -2.823305044210452919e-01
2.959000125239116645e-03 8.348009137788627021e-02 1.198858409754240684e-01 -1.285411773933005375e-01
# Ядро сверток:
2.451856854319486856e-01 6.868113257252905779e-02 4.271462406645033516e-01 7.129720845766595039e-01
2.018557822140095437e-01 4.140683164732920918e-02 5.020711069154711742e-02 2.189615463399703643e-01
3.914955748432769611e-01 -1.708755447170534347e-01 -1.252605193869995581e-01 4.073610007389998761e-02
-1.663157590269159491e-01 1.771046948318162895e-01 -2.103485190375786462e-01 2.309596209720964910e-01
# Ядро сверток:
-3.359909142291983564e-01 -1.059519147563774688e-01 -1.879477704280488881e-01 2.666853036278428457e-02
6.849090943208607785e-02 -2.590321879489320134e-01 -4.841396760536580413e-01 6.718618988456404040e-02
2.776638363385252606e-01 2.796023461009165545e-01 -2.675749624591629572e-01 -2.924312086969605984e-01
2.865236543398534397e-01 -1.781319406600608279e-01 -1.694028412027401842e-01 -4.711672885585950765e-01
# Ядро сверток:
3.472953257163804985e-01 5.088420944723928696e-02 -2.337704006823206615e-01 -3.220375947788163273e-01
1.110247237661729641e-01 2.773195255098455728e-02 -6.753738423726989015e-02 3.823200647520603318e-02
-3.808928386127780619e-01 3.399376537999849318e-02 9.279782916751676269e-02 2.003557074705797914e-01
-5.953695967646112086e-01 3.014757252464428383e-01 9.490198652835629689e-02 3.949208396969585144e-01
# Ядро сверток:
6.028421545751409122e-02 9.274072914781214538e-02 3.018424789949384485e-02 -5.825945554185872899e-01
2.887500307904159458e-01 -2.523514721761916518e-02 -1.013545813063571471e-01 3.864220626382908891e-02
-5.493721154807516133e-02 1.657258739856936058e-01 -2.230613705248608025e-01 -2.020319601832226003e-02
-1.484044531857877380e-01 2.699090798738895125e-01 2.243722223931234050e-01 5.383401327854106522e-02
# Ядро сверток:
-3.423976384750846425e-01 -1.610309362271482858e-01 3.030278328918824537e-01 1.919115714427389041e-01
-2.613329152016775625e-01 6.478883955201303335e-02 2.219339445594515903e-01 -4.102910574260115739e-02
1.506656992248638915e-01 -5.870471759605609963e-01 -3.582884848950658174e-01 -2.068064262974097720e-02
-4.892197731657253468e-01 1.341147793937222665e-01 -1.435272997191599231e-01 3.257664347316683445e-02
# Ядро сверток:
1.102877832541525327e-01 2.554451221644296610e-01 4.678142993352842754e-02 -2.828883019653326558e-01
7.204847578050657675e-02 -1.199558235792992922e-01 8.488865962568495349e-02 2.676466467954747852e-01
-3.044331427872432605e-01 -1.715490098739246017e-01 7.727665529057794851e-03 -7.050738291510913469e-02
-4.418431541233121262e-02 1.202219358882455347e-01 1.713091658624874558e-01 -4.642454074437248335e-01
# Ядро сверток:
-1.850714999732687438e-01 2.984018025806508545e-01 -7.616244310500457082e-02 -3.104638998697799024e-01
4.166012953489909854e-01 -4.727315865750724710e-01 2.954369211141718021e-01 1.777076811228849862e-01
-3.623864324183910801e-01 -3.224962334910030926e-01 -3.122776657142437712e-02 -8.781035312421203720e-02
-2.728098817737916182e-01 -2.181495609889892162e-01 6.839876455131928268e-02 -1.316558766165109584e-01
# Ядро сверток:
3.990641741500057793e-01 -3.456846475201047486e-01 1.605189454830238671e-01 5.284259995114332087e-01
-8.305775124187222622e-03 -2.216233476893814947e-01 3.051555482145902332e-01 1.245345160882142289e-02
9.264013830379018433e-02 -4.107944131920068277e-03 4.079471874564714884e-02 2.261018672907719879e-02
1.093019793005514106e-01 3.236611738154179241e-01 -5.438326405120526008e-01 -1.218831134599832056e-01
# Ядро сверток:
3.016629062790514293e-02 -2.041046157785426640e-01 -1.740476869591312814e-01 8.923857332325299541e-02
-8.935481483471544029e-02 -3.965182681000165577e-01 -1.313106304010080716e-01 -6.573186071419793997e-02
-1.131995729351601560e-01 -1.038504187042531834e-01 1.213749076960918133e-01 3.294303572389944423e-01
9.532286322970306980e-02 -5.187308094749202292e-01 -3.937785500678868678e-01 3.828430211897569380e-01
# Ядро сверток:
-1.805041212420755992e-01 5.314759823751353807e-01 -1.585953523764182527e-01 -2.722648309106234787e-01
-2.930200191210025062e-01 -4.458754348194795547e-01 -7.799366546284226820e-02 -1.464859066544395468e-02
1.709484274336546539e-01 -3.811707972074662165e-01 3.341281068208548644e-01 -2.459015474067856588e-01
-3.146403733951091408e-01 2.614252789592627080e-01 -4.791845269778107208e-01 3.258347087309925172e-01
# Ядро сверток:
-3.609175542763696787e-01 -2.183645918828809873e-01 9.257732784061699360e-02 -3.686290169240731829e-01
1.366572431890714090e-01 3.613344168954116427e-03 -8.957850110144005562e-02 -4.598956684260526728e-01
8.776736738884842459e-02 -6.356216349975869762e-02 -2.404039849990661226e-01 5.382762666442343635e-02
-2.157789930848974178e-02 2.576522551381251747e-01 -3.997709158808885888e-01 -3.383977963454584681e-01
# Ядро сверток:
-1.840867216146975793e-01 3.533431450757726355e-01 -4.729487383157394975e-02 -4.657453489258242540e-02
-3.892093355866870219e-01 2.234226581413085444e-01 3.221852080176350053e-01 -1.104784701048937973e-01
-2.795399984540997140e-01 5.289244941839037900e-02 -1.707199518927805248e-01 1.465738914716007424e-01
3.101817715564205574e-02 -2.416414141834941354e-01 2.596006967901731133e-01 2.655389304432580477e-01
# Ядро сверток:
-8.723032176687833816e-02 -5.449643163001616220e-02 -2.827852269620523967e-02 7.983504551618784972e-02
-2.467045488986604751e-01 2.883489084038518002e-01 -9.005463435611262002e-02 4.801479224050125838e-02
2.364177177658191298e-01 -2.293328208741341467e-01 1.720202749364563646e-02 9.112930051131874765e-02
1.057809007224249087e-01 -1.021160717145881691e-01 -1.380039902966251619e-01 7.194891261749007672e-02
# Ядро сверток:
-4.052396480335398454e-01 1.879636690922706355e-01 -3.969359402453817576e-02 3.151136275945592979e-01
-9.462894645007621786e-02 -3.017007069960053189e-01 4.976250134025868299e-02 2.727164663773968267e-01
7.050144927565645111e-04 -6.997224397378687399e-02 -4.291121579290610999e-01 -2.082442091881535062e-01
-4.501474170221905213e-01 7.788482841053749606e-02 1.366269924268943003e-01 -2.331562648087804335e-01
# Ядро сверток:
-1.154143946372150203e-01 -3.137278761940996974e-01 -3.910566619349716000e-02 5.477153832173238535e-02
-3.321896283579181541e-01 -2.662250167705387249e-01 -2.801528842922944573e-01 1.731643282876227374e-01
-2.089175558714027048e-01 2.330084426130518693e-01 2.515672284276765369e-01 -9.263015763690697624e-02
-2.974564949772683931e-01 -1.619001402278222035e-01 -1.070939270769993013e-01 -1.528196140721682916e-01
# Ядро сверток:
3.758671128002451511e-01 6.098847459638624402e-01 -5.816098062921742223e-02 1.812337498537827662e-01
4.148827332322245487e-02 -3.167511198692792296e-01 1.189811514149538146e-01 2.644478715655976340e-03
3.682559567186556582e-02 1.094210787968299542e-01 1.109334714949654702e-02 8.185849539349650261e-02
1.607659792997909176e-01 -5.563902243783035335e-03 2.188889900074880990e-01 2.278737684403890629e-01
# Ядро сверток:
3.781492296049644708e-02 -2.900888995461816111e-01 2.654523052873001832e-01 2.418567450210876157e-01
7.501040656924594374e-02 -5.662132443457505715e-02 -1.464716334222090355e-01 -3.423127516179755303e-01
-7.329489502055605565e-02 1.907034260961972460e-03 1.395062994047749083e-01 -3.464748501486454302e-01
5.848580638310382773e-02 -8.970578159752411185e-02 -2.647699009671054537e-01 1.244077247824493804e-01
# Ядро сверток:
6.987369088628395675e-01 -2.047611052109481466e-01 -1.850454120740705199e-01 -3.112018113570504951e-01
-2.637680698121817047e-01 -4.018825326976178947e-02 -2.725106265090681545e-01 4.726185886000576764e-01
2.838892854738103710e-01 2.158431541665020020e-02 1.563864876011425431e-01 -1.476390997039164488e-01
-1.868211921521600316e-01 1.329926007000251931e-01 -2.421805988897277606e-01 -5.537197466016888225e-02
# Ядро сверток:
-2.038135785205081596e-01 9.240475828944197736e-03 -8.939233732445976688e-02 -1.767799808650847848e-01
4.655642724481925954e-01 -5.926884562902809961e-01 -1.349148857389166623e-01 1.342213676049115456e-01
3.970605680093165779e-02 -3.740874996026676697e-02 -1.743225207023158252e-01 2.286446951801729410e-01
3.943083594849297047e-01 5.050754730516286706e-02 -4.336620288658963457e-02 5.242274784400089566e-02
# Ядро сверток:
7.199423577299333132e-01 5.844601146680642595e-02 2.713820299288892679e-01 3.269646493262916009e-01
2.269843054031036311e-01 2.255602923234787394e-01 3.642306918861932391e-02 2.993142574409919376e-01
1.380036990771398298e-01 -9.438162324133672620e-02 -7.222486951916989861e-03 4.535884656398964793e-02
3.792484321190334184e-02 5.581988247172147144e-01 5.807326315122361693e-02 2.946647443120906443e-03
# Ядро сверток:
1.834855629077709605e-01 -1.038912917463663682e-01 -1.110232533096046914e-01 -1.099647486658123646e-01
1.342769059910153273e-01 -6.580657100748663058e-02 1.562035089584624947e-01 -1.930159594334961981e-01
-1.195169549831587019e-01 2.662252139299768894e-01 6.238545018292005612e-02 -7.426156348883529434e-03
-2.660913124188268308e-01 -1.910387890413561274e-01 1.828301866665694442e-01 4.714791069464493445e-01
# Ядро сверток:
-2.670105112347148646e-01 7.607203980234703011e-02 -1.168347833108391298e-01 1.771529761126240110e-01
-4.540423989594417897e-02 1.644564920754430868e-03 -2.579532816622011684e-02 -1.589169228588985516e-01
2.595712669797849981e-01 1.398419091092544253e-01 1.732815715305141557e-01 -7.566178729964950778e-02
-2.023886829121867847e-01 -4.548910900214447328e-01 -1.844752354468892352e-01 -1.825610054754976952e-01
# Ядро сверток:
-2.533677102969916078e-02 1.052847249119282652e-01 -2.720957502119348281e-01 2.017433808009302387e-01
-3.109741672693901518e-02 -1.333405885256664647e-01 3.502436281986608946e-01 -1.766971875381729284e-01
-5.459401694032348790e-02 -3.396252589459208132e-02 -3.409500353170761833e-01 7.381168816359560958e-02
1.062622667660711034e-01 -1.680109589328823150e-01 -1.464439042755454057e-01 -5.456533374293905947e-01
# Ядро сверток:
1.574561853594552974e-01 1.504444492585317872e-01 1.776640762517584793e-01 -1.062721208100445153e-01
-2.248738006244087873e-01 1.318706644976040121e-01 3.596015725981118738e-01 2.278198987675191141e-03
1.022637236181736936e-01 1.142160771841127659e-01 -3.708747756197591228e-01 -2.528575302582244388e-01
3.818201911662481574e-01 -3.094796337153700172e-01 3.478120164639219025e-01 1.811347046607412747e-01
# Ядро сверток:
5.374889741383773734e-01 -1.124695962840429331e-01 -4.526543060247958383e-01 -2.798135477615575420e-02
5.927866285797751822e-02 -2.393307262456837170e-01 1.897901661824615005e-02 -1.409448710975446939e-01
1.510684967185835226e-01 -5.010326758523611645e-02 -3.611749763273190417e-01 -6.858837357513343502e-02
-4.029874669809514476e-01 2.926094461770665234e-01 3.220124488773697113e-02 -1.056292087094085064e-02
# Ядро сверток:
1.604087332273863020e-01 -2.562732072764236854e-02 -1.016472232302684797e-01 2.760810916995474346e-02
4.787527231561400365e-02 1.723060718786399714e-01 -5.184803234703404262e-02 2.541395201018111782e-01
6.789238456261070809e-02 -9.736888341950304671e-02 -1.182952874480853317e-01 2.920894426738237515e-01
6.317188264732968850e-02 -1.519444119188152198e-01 -2.506488903331554052e-01 3.701551131377081583e-02
# Ядро сверток:
1.489312311781516296e-01 -7.069524637587276672e-02 -1.761084325165793718e-01 -2.202197508697918693e-01
-5.679754624953095021e-01 1.337152548461371659e-01 -6.547027639316943537e-01 3.123044205971597376e-01
-4.074333820581393928e-01 -6.449893630232908515e-02 7.909241515719409032e-02 -2.638981077999553726e-01
3.286669063407621216e-01 1.470171480926844561e-04 -5.849877560677695099e-02 -1.408079336217305799e-01
# Ядро сверток:
2.239803430579092869e-01 3.444986780367111923e-01 -1.562777006266328483e-01 -3.420869632711598940e-01
-3.762187146621556039e-02 6.289070496230159124e-01 2.001952085051088015e-01 -7.185505634317226886e-02
-1.649020573024740088e-01 2.704692262281887527e-01 -3.425677306383668741e-01 -3.665134575805802930e-01
4.712349471932269357e-02 9.336197279110451663e-02 7.808422532977765673e-02 -3.365279054181314483e-02
# Ядро сверток:
2.161096729394791638e-01 -1.034297384588795943e-01 -4.781572196509826372e-02 -2.187903217098246811e-01
-1.426009568422993701e-01 3.142135614795854570e-01 1.615909988263018182e-01 -3.743244877207629884e-01
2.944740378207204023e-01 -1.324107077321283743e-01 2.609361179319144575e-01 2.580142973859957389e-01
3.786949677657481389e-02 -3.843046022748707047e-02 2.269007242877709440e-01 1.328245117519714358e-01
# Ядро сверток:
3.303021456761597863e-01 1.112348922556028602e-01 6.578126483444858563e-02 -3.871568927356338480e-02
2.103925405707221183e-02 -5.286627778746233464e-01 2.155419086224332481e-01 -1.481556111115935881e-01
-1.436918666420692048e-01 -8.395080451379223485e-02 1.508115502458406698e-01 2.978300844046043450e-01
-4.874462638034998685e-01 -1.381371907518805509e-01 -6.130349807522702532e-01 1.421519973657650766e-02
# Ядро сверток:
-1.215567237032107173e-02 -2.921619361094046075e-01 -3.113341643938416503e-01 -1.810944652714203684e-01
-2.718331109202835605e-01 1.607221571921758074e-01 8.848467617533094590e-03 1.080915251313166736e-01
6.945470137523510057e-02 -4.251836583067775815e-02 3.044257840232773016e-01 -1.568080203735680578e-01
-3.592323831915928967e-01 3.906640779442184241e-01 -1.679623127500370627e-01 7.154882584732361051e-04
# Ядро сверток:
1.084596503976529847e-01 3.851538841254208978e-01 -1.952577625529064720e-01 -3.860632901369827862e-03
-4.211774616859118026e-02 5.280028255163183859e-01 -1.444243165301777876e-01 8.278129085104343754e-02
-3.254459731113816257e-01 4.704102482939129942e-02 -1.338390440507246648e-01 -1.186910336736546612e-01
3.034733844783399012e-02 -1.422628886152841124e-02 -5.108981663208114754e-02 -1.476804420989732136e-01
# Ядро сверток:
-9.367908857902512709e-02 -1.421574446763317900e-01 -4.280364856491399722e-02 2.071245461664318263e-02
-2.352091047240757182e-01 -9.568757860965733386e-03 -1.199355682892124381e-01 4.388804864521558130e-02
-2.587523657683299949e-01 -6.913893160578406250e-02 1.684670309704253133e-01 1.096344010573742020e-02
-6.395752623842010376e-02 7.142141903125764912e-02 7.573873245569179291e-02 1.676786912463320012e-01
# Ядро сверток:
1.102432608921928847e-01 -3.910592449740192267e-01 -1.659235177486976798e-01 2.321002512703070342e-01
-2.351772622219331643e-01 -2.631046610437235422e-01 3.625151489224707757e-01 2.749624603473208584e-01
5.859355282752873317e-02 -1.647035621245016568e-01 7.051215828172424649e-02 -4.782044719636419777e-02
2.643122493292209829e-01 -2.925974919004314390e-01 -1.537052721904055841e-01 -1.829607732277944154e-01
# Ядро сверток:
4.278811162098508647e-01 -1.497151956527544014e-01 -2.052546265393226099e-01 1.936472552352728471e-01
1.285899644030057964e-01 1.503306960836146323e-02 4.617449213922390494e-01 -1.927084316170600206e-02
8.977969556182618938e-02 -7.105142520867535616e-02 1.866548594540129169e-01 1.725731186340725976e-01
1.077836854943706874e-01 1.035082471456138103e-01 4.257216387361390658e-03 -1.906109687744491077e-01
# Ядро сверток:
6.112459870344630342e-02 1.039759426489651195e-01 2.477678878256797390e-01 -2.379697762304797959e-01
-1.592906147325475752e-01 -1.960523587052283301e-02 3.588676105899677449e-01 -2.701360752597296577e-01
5.936311363479945119e-02 -3.201924284782358132e-01 4.927139528263732582e-02 1.981759400698159534e-01
-1.791223917843359770e-01 1.499334552140116905e-01 -4.511934645604078614e-02 -7.937686404158134090e-02
# Ядро сверток:
-7.093249897066371268e-02 4.419539215011796807e-01 -1.827761006460981719e-01 -2.305714758379064089e-01
-2.811348388163235901e-02 -3.842158158977210802e-01 -2.079711109225778620e-01 4.943408097968196580e-02
1.158047421157420015e-01 -4.743331478898478171e-01 -3.345415377009745561e-01 -6.126566355384231999e-01
-5.859374021314096154e-02 -2.908585637990839662e-02 -2.089589563086674540e-01 3.081448627215117864e-02
# Ядро сверток:
1.785923357377726672e-01 3.410141005937757930e-01 -1.748575423660962969e-01 -5.163826500942459985e-01
1.890662138564223882e-01 -8.302361162221230662e-02 2.334835830767823805e-01 2.502455353408092331e-01
6.693355146631084773e-01 5.976622250173923429e-02 5.617929983307189123e-02 3.536059196133181648e-02
-6.493550534881569192e-01 2.540580609341713259e-01 -3.011625748904636635e-01 1.820743607701682809e-01
# Ядро сверток:
5.107463807090337760e-01 6.681421975005812086e-02 -3.177560241318275192e-01 1.558456860183493331e-01
1.737135997917482466e-01 3.904585335045546168e-01 -5.807355701689152251e-03 -3.235193046209335899e-01
-1.570696877788270995e-01 3.061354846562565069e-01 3.332542044526527053e-02 -4.490511889967699899e-01
2.474037391089996957e-02 5.965148243148099549e-01 4.709689144787227999e-01 -2.821884094631768036e-01
# Ядро сверток:
-2.613679654764509697e-01 2.401872325482666826e-01 3.891015117662232070e-01 6.142999847239627442e-02
-1.266385851480584246e-01 -1.333284957568919848e-01 1.994401348438265276e-01 -2.528614427054419120e-02
4.463743147299495950e-01 -5.340574834128634096e-01 -1.796413121716445294e-01 -4.266629895644268901e-03
-6.416429043054501513e-02 4.585456439577662024e-02 -1.929686569943667163e-01 -6.699496135428702204e-02
# Ядро сверток:
3.707635384179612248e-01 6.464053724206511586e-02 8.973645876886804373e-02 2.663726932045711870e-01
-1.112532828246812627e-01 -4.542137200499303251e-01 -2.063027594400614617e-01 2.299583997216108830e-02
-1.561032889491120457e-01 2.879294593538178071e-01 1.315728278878463553e-01 1.634724382840676837e-01
-5.550094061429167169e-01 1.315518991249968461e-02 3.682026724127019923e-01 2.043349164114145466e-01
# Ядро сверток:
3.178869625099992047e-01 8.342134089305011657e-02 -2.986906812806555678e-01 -2.440892800277012775e-01
3.852045489551962909e-01 -1.833696491733626532e-01 -1.330831374383272814e-01 5.153745855830935141e-02
3.408155052383764483e-01 -1.386485257250828773e-01 2.864780510726808727e-01 -4.072244556494278300e-01
4.845805964815688704e-01 1.478230267178852475e-01 -1.068219282015316768e-01 -1.082675917864429627e-01
# Ядро сверток:
5.880400099462970709e-02 1.098957715492238779e-01 -1.910398792363099674e-01 -3.987909250214018847e-02
-2.488820409379510490e-01 -2.977799423669248366e-02 -2.579976172114630331e-02 -2.286319224588047039e-01
-8.753866622016061305e-02 4.794154336014266882e-03 4.961821944596662703e-01 1.150262024664967658e-01
3.643806543207500637e-01 2.055428081848343080e-01 4.599954474686637762e-01 7.167331515972616418e-02
# Ядро сверток:
1.666753350807292922e-01 2.879409293276969373e-01 -2.606303199408305793e-01 1.012986165229024932e-01
-2.599813284491724885e-01 2.480374394334732002e-01 -4.791340135280336976e-01 5.043928769104935039e-01
-2.321147616913346590e-01 4.420507295215466564e-02 -1.964091961728225283e-02 -2.763245568324402823e-01
-4.938548432424533924e-02 -1.675571483517952764e-01 -2.354135055459516679e-01 4.851752273752928946e-01
# Ядро сверток:
1.042383373509716271e-01 3.579980390047474703e-01 5.062295774264499032e-02 3.837489080083146264e-01
-1.068380328201271913e-02 -1.500815573004719294e-01 4.796235192779233492e-01 6.917833368762095481e-02
-9.606342071089651879e-03 -2.109901907186216008e-01 1.716657191169265184e-01 -3.029499711157960795e-01
-1.855418925377432804e-01 -1.964923842435309931e-01 9.740350011163301236e-02 -1.015378303893875456e-01
# Ядро сверток:
1.005670084202463371e-01 2.840057190676074650e-01 -5.046525388519186306e-01 -3.153664868865069942e-02
-2.341419208748842795e-01 -1.115014119427037292e-01 1.213698812004976868e-01 -1.484854578448957796e-01
-1.285741631479477010e-01 -1.319530410343489613e-01 -2.720035106258389054e-02 1.474500220067333778e-01
-1.607852507618558746e-01 -1.197972198032086211e-01 -1.626533266039222048e-01 1.184449138174859112e-01
# Ядро сверток:
-7.421342002162929774e-02 1.401612126085389487e-01 8.368216312758318398e-02 6.701347160354709231e-02
2.158748663423618042e-02 1.278572861989047682e-01 -2.384597771030064761e-01 -2.878921806721903009e-01
2.113240016460464221e-01 -8.479173096050914352e-05 -6.597807756409720947e-02 2.696734154513664161e-01
5.092224417203157494e-02 -6.115587766806143688e-02 -1.314926585699148220e-01 2.204511299258892221e-01
# Ядро сверток:
2.609814021732786982e-01 5.893521597074437290e-02 -2.841751016864331181e-01 -1.037511815654404285e-01
1.163856839878601168e-01 -1.144424244143836811e-01 4.893835362481800955e-01 1.045617034558436048e-01
2.441187880397038545e-01 3.074836995272978157e-01 3.174805037576316352e-02 -1.506573451060878865e-01
5.237764053263550823e-02 -7.509085157429103152e-02 -1.354635459163739952e-01 -3.124101823183196291e-01
# Ядро сверток:
-7.736894275412747879e-01 -2.237926411124799009e-01 -6.766971057716904270e-02 -2.196631072961067674e-02
-3.098806496682665612e-02 -2.416048053973702398e-02 -2.661740592695102658e-02 -1.468075681288536494e-01
2.217111990468603466e-01 -2.627846871765792125e-01 -1.871790703715932314e-01 8.566947180878376616e-03
-1.832332819434805971e-01 -2.736221862597300047e-01 1.628207031324283571e-01 6.007647081579461368e-01
# Ядро сверток:
8.368609403020726978e-03 -1.798775426438423142e-02 8.767984969386359573e-02 -4.977582756525300578e-02
-2.329390433492900536e-01 1.997817633311740199e-02 4.790952047197617469e-01 7.450733439108808698e-02
2.614731348970636970e-01 -4.468277157421255419e-01 -1.770392228986622518e-01 -3.507838107762247248e-01
1.282576568976980524e-01 2.885079482986677712e-01 4.190612857794736093e-03 -6.676091615506032917e-02
# Ядро сверток:
-1.728719042439735010e-01 1.667852912773075125e-01 -2.515184575312801596e-01 -4.169519605164998671e-02
-2.609259166203213853e-01 -6.557461869995251380e-01 -4.397903486499945558e-01 -3.170698587405476054e-01
2.272741408068446323e-01 -1.492042859517650477e-01 -3.292736655531601220e-01 -5.168520486139796533e-02
4.188938672458078494e-01 4.687030355512571411e-01 -2.651440999101898899e-01 1.605638543290647813e-01
# Ядро сверток:
2.649138870331351203e-01 -2.241945101867599266e-01 4.031407655039039306e-01 5.151397857841597677e-02
1.987961577060959328e-01 -1.694975570343946192e-01 -5.533638828249034525e-01 -2.431003432809446252e-02
-6.086492179413029169e-02 -2.562893903506486826e-01 -7.223373581647525576e-02 -1.662791771020461773e-01
-1.037174477127466854e-01 1.040732998089613781e-01 1.431871480924000739e-01 -1.283149654003293283e-01
# Ядро сверток:
-1.986914763572840414e-01 4.394005547157394109e-01 -1.977728837213048596e-01 -5.328770289787269077e-01
-1.834858589245516869e-01 1.907823051292350247e-01 5.834081309903448725e-02 -2.928200285276318926e-01
-3.498857750366740627e-01 -3.265296715938613703e-01 2.142953305814193354e-01 -2.299569158617859738e-02
-3.887379913929862041e-01 -1.536855864790623825e-02 -6.857001632425106796e-02 -1.264762315515166879e-01
# Ядро сверток:
-1.005937960255715580e-01 1.541825425141793993e-01 2.841395008495148922e-01 2.486549093976203328e-01
-1.447807001856352138e-01 4.269104710869938146e-01 9.178852157927075428e-02 -2.985018002416217620e-02
-4.323762758925604049e-02 -6.831888101036460992e-02 6.647159695797498491e-02 3.864528415136118250e-02
-3.256218115353424203e-01 -4.454503362218721618e-02 -1.835817682825055253e-01 1.809247527148553913e-01
# Ядро сверток:
-3.981454598873879203e-01 -4.745031157043161363e-01 -3.288097970467764308e-01 3.417595382204492716e-02
5.048655906962516010e-02 1.145256966529114989e-01 -8.755546728912347310e-02 4.514536216933772161e-01
1.053596684384926485e-01 -1.934686497476850731e-01 -2.804622552864912896e-02 4.020818841097744123e-01
-1.233021118838005248e-01 3.320091224224655524e-02 1.192500311180914041e-01 1.352906655328854797e-02
# Ядро сверток:
-1.040190067934481793e-01 8.692076135221499245e-02 -6.522745829132084450e-02 -3.266356041502505025e-01
-6.817626810108514367e-03 -1.018392412926617391e-01 -2.599813827337627559e-01 4.528028232143326698e-02
-2.967626655336260549e-02 2.711890146774693644e-01 -1.919747560330709035e-02 3.061747611992496343e-01
-1.059062658033073645e-01 6.364786031531425303e-01 -4.103416229301483364e-02 8.492173990262218142e-03
# Ядро сверток:
2.214528233443900374e-01 6.325762720936951855e-02 3.782594399930825357e-01 7.944591605141507196e-02
8.222317307797087638e-02 -2.354274864779791754e-01 -2.937818847731952232e-01 2.563098508314059706e-02
2.066984785120668799e-01 -7.965893041284146173e-03 2.399756870935058628e-01 1.463936718545750526e-01
5.183737317710438441e-01 -1.313566590845621773e-01 -4.663588787349207676e-01 1.132107637671791872e-01
# Ядро сверток:
1.372311530195402252e-01 -1.908341923275045371e-01 2.123402989926812812e-01 2.360082321236893765e-01
-2.637260200677141175e-01 2.666462613498369327e-01 -3.808423745334709593e-02 1.613082691510927258e-01
9.449058690994247001e-02 -3.391999184016891711e-02 -1.398965401645317075e-01 1.957715970497732050e-01
2.388342632041671465e-01 -3.303060342982071518e-01 -3.746544064344088654e-02 -2.375031476120531559e-01
# Ядро сверток:
-4.221772243329801610e-01 1.667343759791081390e-02 -7.966340117203536686e-02 4.094286426505569509e-02
-2.741955627275677876e-01 -1.551153258077377362e-01 1.668620600778535912e-01 1.772936192060400526e-02
-1.848587156153692068e-01 -1.279628860773437682e-01 -2.230506538752776435e-01 3.353602315131937739e-01
3.588203331465792401e-01 2.523510276352030623e-01 3.790656753959416592e-01 4.747207190189743353e-01
# Ядро сверток:
2.915206542700803372e-01 3.754429272398184247e-01 -9.289771677683945905e-03 1.472181810566732529e-01
4.515887106089335606e-02 1.860574491835396971e-01 -3.613493101065656105e-02 -6.908634312835547353e-02
-6.522746980395381644e-02 -2.168687944663059974e-01 1.468989011524809429e-01 -4.229767697085844436e-01
-1.096923910690725396e-01 -1.185487574934696586e-01 5.476411118235430947e-02 -9.002403150350317407e-02
# Ядро сверток:
1.708671762204357625e-01 -1.452572252985961238e-02 4.224988334542146284e-01 2.699533500741715941e-01
-2.895548550826104739e-01 -2.447888334934281707e-01 -1.312386810643828838e-01 1.649538917049331588e-01
1.485486338072419255e-01 4.462207187990677171e-01 -1.076767657704434944e-01 -1.897729051151033075e-01
-1.589890784768650533e-01 -1.434696402851168562e-01 2.112351134795975582e-01 3.047542864059096246e-01
