# Исходный размер 3-го сверточного слоя: (256, 3, 3)
# Ядро сверток:
9.107936576006999329e-04 4.418780638695188508e-03 4.789574040601783655e-02
2.265452674412365697e-01 6.043962696573389887e-02 -5.947336086701291435e-01
7.435240754001117003e-02 1.390470235462955284e-01 -4.519495935049092777e-02
# Ядро сверток:
3.903931325064876057e-01 -4.008446878138154923e-01 9.559420668367647755e-02
-1.885166777902939073e-01 -1.799400601765955565e-01 7.422288629935987203e-02
1.349535712215975958e-01 1.377590422267085668e-01 -1.283971543933079551e-01
# Ядро сверток:
-3.543994602675854533e-01 1.440531431853166698e-02 3.908178407587774295e-02
-1.130887992572129630e-01 -3.503754553150893458e-01 1.261942744524694772e-02
-5.553265811185834622e-01 2.820111481465299441e-01 -2.381737551433981206e-02
# Ядро сверток:
4.792375891982826319e-01 4.271714246038517127e-01 2.189522424169564399e-02
-6.205890695568562487e-02 -5.959573629606823575e-01 -2.884976436424761537e-01
4.618296324473781800e-01 6.680946270696436207e-02 -6.660904621669440362e-02
# Ядро сверток:
1.399560016455507205e-01 1.082958149931185915e-01 3.759888078475606688e-01
-2.045125601780349578e-01 4.007405791928017602e-01 2.755609541435971033e-01
1.769651074601134300e-01 3.432611889635555635e-01 1.098948837095796022e-01
# Ядро сверток:
-5.021057955988682542e-01 -3.004022983331344210e-01 -4.939920532954052979e-01
-3.471734939435259376e-02 -4.841991521636234697e-01 -1.092397523697661993e-01
-2.260165188568037664e-01 -1.504000047465404166e-01 4.452091659742077878e-01
# Ядро сверток:
-4.657462190818518338e-02 1.120260128262384192e-01 -2.721607378410696998e-01
1.534878845733554653e-01 2.645005733883867144e-02 2.923206583075686760e-02
1.569928143227430073e-01 2.484328508610586517e-01 2.955199556567376096e-01
# Ядро сверток:
4.223340785137533748e-01 4.097780683239181654e-01 2.506835554741075334e-01
2.532001599568792227e-01 7.107383905416838621e-01 -1.113890727324984564e-01
-2.834763036621723575e-01 -1.194610748528539823e-01 2.292877612484518213e-01
# Ядро сверток:
2.082157987371917318e-01 1.762261521708259060e-01 -4.406970771395733455e-01
1.780389146034871140e-01 7.780885745512931828e-02 -5.618873113447167000e-01
3.068737059637015041e-01 -1.509963369336123074e-01 -2.360807457830773060e-01
# Ядро сверток:
-6.647627663753151728e-01 -1.395245883221402639e-01 1.423078905351727041e-01
2.025866495483285845e-01 -5.045669088843021677e-02 6.679454999913236879e-02
-5.221982355504810602e-01 -4.059316877865120632e-01 -3.953688786885768969e-01
# Ядро сверток:
-1.540488216675107436e-01 3.140725052021928199e-01 -5.274806690417518235e-02
-2.200766135633233922e-01 -1.884416972151455316e-01 6.227045100643860964e-01
8.364049472136024788e-01 3.318230384336087191e-01 -1.485216255650526930e-02
# Ядро сверток:
-2.199819473792639646e-01 1.292778199517624349e-01 -7.531491360573561167e-02
1.482648413327379289e-01 -4.775017026027009170e-01 -3.773081970873320978e-01
-1.900049334112303978e-01 -5.061830461225819144e-02 4.355270182922319488e-01
# Ядро сверток:
2.693682617247423680e-02 4.068790100451558089e-01 1.938983407844314943e-01
1.051304118361134632e-01 2.892108636178163938e-01 5.717189287680126686e-01
1.099426462047878444e-01 5.076639166640087991e-02 -5.666173008323014543e-02
# Ядро сверток:
5.767072806200083251e-02 -5.405716677401904979e-01 -2.601162574230762581e-01
1.089792437011071480e-01 -4.871124808735979861e-01 -5.509931750249703608e-01
5.375271396873528007e-02 -3.144064381386967311e-01 1.806101883382790372e-03
# Ядро сверток:
-1.095886264627651679e-01 -9.233429903941187122e-02 -4.656922606263706466e-01
8.096338144987551555e-01 4.471296134449530280e-02 3.328628748160283313e-01
1.540008363512583855e-01 3.067995020076363932e-01 3.072637675223409068e-02
# Ядро сверток:
2.301839429791574798e-01 2.913295165427687294e-01 5.050219456429579923e-01
8.255597136334294484e-02 -8.662107198130708507e-02 -9.388218410364639055e-02
3.167580232749151459e-01 3.490093792303254339e-01 8.794036621687653654e-02
# Ядро сверток:
-5.113083559500243291e-01 1.997927992271484321e-01 3.194841499717139266e-01
-1.269462766962244646e-03 -7.193510679557076071e-02 -2.610213640133959290e-01
8.269539593215419204e-01 4.735073925996652333e-02 3.417600924579849431e-01
# Ядро сверток:
-2.719077785664122393e-01 -6.459504862280000814e-02 3.974669334153380779e-02
3.470692530771276041e-01 6.864508987178625371e-03 -1.123480010316817157e-01
-1.078439818661222765e-01 -2.462258162699639263e-01 -2.023027794945528313e-01
# Ядро сверток:
4.574408661975222223e-01 -9.336932977977088766e-02 -3.833694579723503915e-01
6.181399732638881428e-01 -3.278416970770997030e-01 -7.143654984509698602e-01
6.149904931374611250e-02 -3.332248155853075877e-01 1.043622284222734953e-01
# Ядро сверток:
2.524072111041555377e-01 3.534399745673562632e-01 8.198701051751076108e-01
-2.127143257077636351e-01 2.875870410356184403e-01 6.918886423506832861e-02
-1.382683095534060214e-01 -2.063576882779457056e-01 5.273157697121322318e-01
# Ядро сверток:
1.706809598694847274e-01 3.810569661073802683e-01 1.974942422368441419e-01
-1.146796185768567955e-01 -1.118741018802281162e-01 -1.072409648794827863e-01
1.541940635248497393e-01 6.735209253491739045e-02 2.221416086223414188e-01
# Ядро сверток:
-4.957586201641877022e-01 -7.856442368713734137e-01 -2.489974397081918742e-02
-1.764725882227980991e-01 6.940742079627469641e-02 1.021599889246936482e-01
2.968807370784558586e-01 2.984226382403176170e-01 9.394546162994435456e-02
# Ядро сверток:
-2.435473016426296378e-01 9.129463165892851562e-01 -1.405689382414436195e-01
-3.528870490654925640e-02 2.951415326587751298e-01 -8.139076583155756550e-01
4.486478700140456577e-01 1.653284562161859983e-01 -3.997650892148428212e-03
# Ядро сверток:
3.792104674381628349e-01 -3.879459041658027685e-01 2.304223600826385832e-01
2.869302684134394377e-01 3.672937102986347790e-01 -1.039092909097669853e-01
4.202395042345374310e-01 -2.476683757071010961e-01 -2.581319957720885627e-01
# Ядро сверток:
7.063089190875142531e-01 -1.710065305452819484e-02 1.227284334347113898e-01
4.068964839177868220e-01 -1.979211084387165753e-01 -4.392162994678050492e-02
-2.677601238779758752e-01 -3.114374793088850457e-01 -2.188909316822423012e-01
# Ядро сверток:
2.685824530347951655e-01 -2.136939322321654566e-01 -6.285388922509337062e-02
2.212109109578390964e-01 -3.065506583568143872e-01 5.437073419355121784e-01
7.072985068606262304e-01 -9.941933121071054591e-02 5.281070144668734700e-01
# Ядро сверток:
3.677081631366306280e-01 1.875402316119567092e-01 4.896470205512356566e-01
4.705543434187783314e-01 2.297139228546918044e-01 1.094464300495441300e-01
-5.336451319808544619e-02 3.898230657847130409e-01 1.160669460355384097e-01
# Ядро сверток:
-3.148660694230783208e-01 3.103393067495740371e-02 -5.293319621961671828e-01
-2.822196136030715174e-01 -2.725256570487969987e-01 -4.024645723295278144e-01
-8.240688490733348581e-02 -3.371723980692559741e-01 -3.037583241746057428e-01
# Ядро сверток:
-1.804780997881394455e-01 -8.946050623955900671e-02 4.694344344695763893e-01
-3.034945823044098434e-01 1.353501677318177682e-03 -3.309475728099862124e-01
2.639684255394029733e-01 -5.570273641104660500e-01 -6.427869568099067177e-01
# Ядро сверток:
6.975957801237259170e-02 3.160505644520110735e-01 2.310893935343246580e-02
2.046040315503692975e-02 2.156402313290629869e-01 -6.454939108314370344e-01
3.762548978799574728e-01 -3.174350417875482777e-01 -4.098491905237251764e-02
# Ядро сверток:
3.894820538504600860e-01 4.858556407592615894e-02 3.476605875807128876e-01
4.103797179480001556e-01 2.770953926273746482e-01 4.548208676845259812e-02
4.959296682671760492e-01 -2.247305512095940094e-01 3.162851970714869454e-01
# Ядро сверток:
-5.414060778476350588e-01 -7.820454178679075996e-01 -5.285810164294434399e-01
9.427585667979088146e-01 -2.116537802081080166e-01 -1.855479042077983753e-01
3.909645082728182008e-01 -4.058665599282628711e-01 -2.841887867242310350e-01
# Ядро сверток:
9.373111742741899177e-02 -5.074394613700479173e-01 2.397728999122234195e-01
-2.830832005333778212e-01 -3.008154922494288841e-01 -6.102224819394030941e-01
-1.856563651893660127e-01 3.250228780821680097e-01 -6.613454566235119625e-01
# Ядро сверток:
-2.929674277196084309e-01 8.639978387530193593e-02 9.356168345386564611e-02
5.760877691871693074e-01 -2.557674863872661519e-01 -3.898509271971645207e-02
1.514121528929556482e-01 2.623530800739846958e-02 1.008908048874844754e-01
# Ядро сверток:
-1.027655039417678523e-01 -5.592314770896841258e-01 -1.469745299644011349e-01
-3.751261741753155951e-03 8.311139775695615128e-01 -3.712399558136174060e-01
3.653208120855770402e-01 -2.173044989643163616e-01 -6.879956992423394424e-02
# Ядро сверток:
2.416259054749489432e-01 -3.316826692744912486e-01 -2.049352294236537475e-01
-8.470985454569356435e-03 -4.210198441442423722e-01 -1.108798621352210037e-02
-8.182321420722509994e-03 -2.150787283062198241e-01 2.984197135416103985e-01
# Ядро сверток:
-1.349245962744225480e-01 3.599086792433425219e-01 7.455980094074071696e-01
2.188260403957148215e-01 -6.471869201734120614e-02 -2.856953231451220959e-02
1.227350491452116193e-01 7.024850237403640341e-01 4.476908310901334120e-01
# Ядро сверток:
5.413317665493662112e-01 -1.858765173087006117e-01 4.288621754485871240e-01
3.331618662967401057e-01 -1.946065847504069857e-01 -1.107455986028380857e-01
4.397951520025554784e-01 -6.311982131539645158e-02 3.135642619647973639e-01
# Ядро сверток:
-4.358276469417167731e-01 -2.824926122880784193e-02 3.645160402084940965e-01
-2.077741351530175071e-02 -1.051250565591184544e-01 3.396504075506185522e-02
-2.378943314170294809e-01 -3.826019918776589201e-01 3.034273665679981247e-01
# Ядро сверток:
2.494864184925588424e-01 3.223563691313904855e-01 2.785835151079646150e-03
-4.021081154773465949e-01 -4.682983791855081790e-02 1.842297182469091466e-01
2.543598856613245585e-01 -3.033847687729412379e-01 2.956883342269969184e-01
# Ядро сверток:
2.782002432874217668e-01 -1.759346657895066168e-01 4.618754807251471139e-01
-4.057524865705784689e-02 2.344033117787018127e-03 -2.490359723004013370e-01
4.139468103321475301e-02 -1.812441495070575004e-01 -3.535226477401377521e-01
# Ядро сверток:
8.020218337140587739e-01 3.636692025693926689e-01 1.693188569544525623e-01
-2.219617896170514304e-02 -3.888777501206465703e-01 5.635454165987761055e-01
3.846587016116940205e-01 5.080359445456361644e-01 -5.040564524319698370e-01
# Ядро сверток:
-3.261900469714953260e-02 2.123777901813993507e-01 3.458863844172738178e-02
1.810431559718976846e-01 7.146710836759902208e-02 1.421012373294224529e-01
-2.332402365633514663e-01 -2.329519575855950805e-02 1.460022967111655190e-01
# Ядро сверток:
-2.071413807320597600e-01 8.513790751098561371e-02 5.299465899113883771e-02
5.013439100939967030e-01 -1.716667372018411686e-01 -1.671175371655585773e-01
-3.956482200835522156e-01 4.960107088100136619e-02 -1.338515158780907433e-01
# Ядро сверток:
-2.364667143332389587e-01 -4.577129586009157092e-02 -1.988962688090787634e-01
4.319381372568485700e-02 5.070630109117326700e-01 -2.579240467750034127e-01
6.162412091270537129e-01 -4.864372191442519200e-01 7.479441092384694345e-01
# Ядро сверток:
-6.675026892076435514e-02 -2.648388490583880039e-01 4.167379788942933705e-01
-5.660888102869089389e-01 1.865427000539982283e-01 1.329787927363400568e-01
-3.917238576026184638e-01 -3.844825135881505540e-01 -4.012981818443983051e-01
# Ядро сверток:
-1.474341523630895434e-01 2.813834167310289569e-01 -3.420352597483688473e-01
1.911576126666947040e-01 1.527056099419088486e-01 -1.538566104230544573e-01
1.266381958860763324e-01 -4.247102174176254352e-01 -5.352742273113122312e-02
# Ядро сверток:
-7.156901230130414959e-02 -5.584740167363636543e-01 1.289720990608053119e-01
-6.323244183364072901e-01 -1.081519894472139989e-03 -1.599289753955047688e-01
-2.078174822803943445e-01 -3.931323925813676179e-02 3.052732076500528358e-01
# Ядро сверток:
-5.416244770661651220e-01 -2.705166042716448116e-01 1.913993939401509858e-01
6.575727267306713530e-02 -3.472610417963563623e-01 3.172406423800228636e-01
1.057868732700062153e-01 5.945865112951165266e-01 4.980747604614059465e-02
# Ядро сверток:
2.857430943755688291e-01 4.530611536713171628e-01 -3.462365302086812258e-01
2.736775568365100095e-02 -2.659054685946052876e-01 3.557417438353451256e-01
1.062047019792494162e-01 -5.184252904065706630e-02 -6.109263536282462104e-01
# Ядро сверток:
-3.917881588170978036e-02 -3.161621739252959418e-02 -2.536906966737826341e-01
-2.079391458283008642e-01 1.631063246227110741e-01 3.093191073331804514e-03
4.159601181688290517e-01 -2.260289438798017067e-02 3.613330356890807615e-01
# Ядро сверток:
-7.342961455043960362e-01 1.630243622406725157e-01 3.015220073123591749e-01
-2.826724207970564562e-01 -2.187389870828854443e-01 7.053521652128671993e-02
-1.219328760567141151e-01 -2.025020864205667459e-01 6.021558140353726607e-01
# Ядро сверток:
2.968568398929499752e-01 1.689098359248666081e-01 -2.675684896008355129e-01
-8.926978915055626684e-01 -2.093812372591970783e-01 7.195155896972026122e-02
-1.796823900584448575e-01 1.379517708260259157e-01 -2.537138704961897639e-01
# Ядро сверток:
-4.559490929127178460e-01 2.824821308257572938e-01 1.675451301553118055e-01
2.238717141456552373e-01 2.506242906625654188e-01 -4.400183283008258783e-01
5.731265146489644691e-01 1.129484142846167299e-01 -1.029478662370600789e-01
# Ядро сверток:
4.643710739473934646e-01 -3.259452539352817868e-01 -4.065713526665573063e-01
-1.344985929084488441e-01 -5.954080828855189134e-02 2.844986494069905447e-01
-2.871664802799142602e-01 8.057350092112125495e-02 4.012840097010467733e-01
# Ядро сверток:
-1.046946037821715053e-01 -1.134264387129594182e-01 -1.245467487702903303e-01
-4.417681893091297551e-01 1.377545979487367622e-01 4.131267506612659179e-01
2.341463451164882692e-01 -1.073172016970431325e-01 4.176680766716203141e-01
# Ядро сверток:
5.961783499093668004e-01 2.031424424160367392e-01 -1.278300344704371427e-01
-2.988205519132624555e-01 1.025086160664691187e-01 3.551843410266083967e-01
-2.529762351788807373e-01 1.121510157881865227e-01 2.071380183944754594e-01
# Ядро сверток:
2.674125784726302801e-01 2.286783896914780512e-01 1.115324505969707974e-01
-6.355930462049406149e-01 -3.423900937812818235e-01 5.312401368866161988e-01
-2.699829533105931323e-01 4.905516698636016582e-01 2.402808873508182064e-01
# Ядро сверток:
-3.196470666339528699e-01 5.150865690053049728e-02 7.592387669185809984e-02
6.571692000602531725e-02 4.306184544578853246e-01 -1.581597311670434602e-01
1.058721527353643915e-01 3.728521834500683196e-01 -2.901799280068455555e-01
# Ядро сверток:
-2.670430538644437413e-02 -5.527278442392089541e-01 1.527193261741967290e-02
-2.815209767770876503e-01 1.726756532822099899e-01 3.907619569103332746e-01
-3.751418256770204240e-01 4.267066973586175482e-01 2.333688809394727226e-01
# Ядро сверток:
1.363921888758260481e-01 4.656562189187349876e-01 -5.576443884062056711e-01
-4.497963896459101774e-01 -9.648826899906157162e-02 -1.607662162519622739e-01
-2.598490388453173969e-02 -1.444091648302411046e-01 3.337503352892553510e-01
# Ядро сверток:
2.306065600717592534e-01 -3.258328399922212903e-01 8.245715619871143987e-02
-1.696073637425431213e-01 -1.991150659230570275e-01 -8.960760040604126564e-02
-7.401583093932807556e-01 3.848439684846117759e-01 -1.385939265558570055e-01
# Ядро сверток:
5.924113858017824308e-01 -9.843987319420141602e-02 -1.761890928807235968e-02
3.561916202526781983e-01 1.089335029142446398e-02 6.249205267779095463e-01
4.198081775663644634e-03 -7.042795963840479123e-01 3.793658257754454338e-02
# Ядро сверток:
5.611497907296547627e-02 3.277345526169866963e-02 -7.876871196526457133e-03
-1.137118482126706076e-01 -4.009498493814335207e-01 -2.895339855025412246e-01
-3.621593303726628466e-01 5.962854874113444892e-03 2.753938751397412843e-01
# Ядро сверток:
-7.310212035851817447e-01 -5.256593641677759221e-01 7.225086382254840567e-01
3.762288334701007764e-01 -5.911485944175136342e-02 -4.199963302840455381e-01
4.986143106372901146e-01 -2.785870599379702828e-01 -2.329396540078817468e-01
# Ядро сверток:
-1.155170144844363672e-01 3.959175507353045881e-02 -6.356327291309944449e-01
1.635938544962343630e-02 -2.060917328108411994e-01 -3.155344250929194572e-01
4.747611632926472536e-02 2.401475682844433357e-01 -4.997118768076493772e-02
# Ядро сверток:
-3.862522596223233462e-01 4.866272295147781590e-01 9.028914578399363511e-02
3.508681684142840873e-01 -2.356844939825905247e-02 4.309574084613134182e-01
5.737515723149656521e-01 -7.804171857281429203e-02 5.052565509157463941e-01
# Ядро сверток:
2.698727984753777065e-01 8.671771827443751357e-02 1.460712218005294494e-01
1.109476592987052035e-01 1.333271404772483626e-01 -4.228694239750691031e-02
2.947285842146949442e-01 -2.512312945498024752e-01 -2.989268550309681291e-02
# Ядро сверток:
-2.124365530963145954e-01 -2.922891444919679671e-01 6.154842319451051535e-01
-1.420986058661173057e-01 -1.562484251721233675e-01 1.986994284506406472e-01
-4.833372755421037892e-02 3.664687940909774899e-01 4.919941924292958041e-02
# Ядро сверток:
4.962319309291653158e-02 -1.713700050511463707e-02 4.228518070784813010e-01
1.404029304949324097e-01 -4.092303139548154889e-02 2.069427636331047649e-01
9.976289164120538677e-02 5.707562726062205272e-01 -2.742096618434177735e-01
# Ядро сверток:
2.849570216242198195e-01 -3.496594926950550297e-01 -3.735396588597207912e-01
-1.559480797092065718e-01 2.627528465744227715e-01 2.602610722523003295e-01
2.397749645665187279e-01 -2.412281520933118872e-01 7.225006336347760127e-01
# Ядро сверток:
-6.122981892843970542e-01 -2.498234460190469630e-01 2.474443103489217255e-01
-5.416159873427595084e-01 -1.122362371606300396e-01 -3.284498432878381613e-01
-2.111187214352790720e-01 -5.840102585569363347e-01 1.270966130947445705e-01
# Ядро сверток:
4.585867949698583246e-01 -3.611127682795769456e-01 4.113825877979190165e-02
3.335191035651541291e-01 -6.126126524500003639e-02 -7.826452590652202002e-01
5.235563358969220760e-01 -7.123367668251880114e-02 -1.991026584483052697e-01
# Ядро сверток:
-8.493280422596154178e-02 -3.092668934057753449e-01 4.336601538926685567e-02
1.019496241944612552e-01 -2.835742274202158741e-01 3.695937514395400969e-01
-1.525458676971585825e-01 -3.547197235898736922e-01 -5.281357682778640150e-01
# Ядро сверток:
-1.818470890616347702e-01 -3.190739822701140760e-01 -4.818765433845519364e-01
3.892494831318208393e-01 8.431843975067508656e-02 -2.044433886874818529e-01
1.777740899802326968e-01 -3.638713956966436736e-01 4.407422496122552769e-01
# Ядро сверток:
-1.012585808977630453e-01 5.341187281467455611e-02 -7.855986901496450625e-02
3.350188299847777634e-02 2.111865963244885236e-01 -3.271704911151556705e-01
2.913329048425583601e-01 -3.532543952037422996e-01 9.707938994571225777e-01
# Ядро сверток:
-1.791837100849058839e-01 1.708941240515222948e-01 -1.630040541257568240e-02
-8.679839254832472095e-02 -1.780022085596224823e-01 1.920669070332953754e-01
1.783089286365740489e-01 -2.499153426105714393e-01 -6.890879988724144534e-01
# Ядро сверток:
-4.677105474068347923e-02 -2.009462611938098719e-01 -5.013113746079021771e-02
2.599735886574415789e-01 -1.278608354796252344e-01 -1.530869056908037429e-01
-2.754493835103314914e-01 -1.952233056353279428e-01 -5.526272135600829305e-01
# Ядро сверток:
-2.336018543208466802e-01 2.171619222384941761e-01 -1.520824906734187520e-01
-2.351071823618002266e-01 -6.476348371060614006e-01 4.294922739186640137e-01
-1.794417674001351770e-01 3.747479979110102666e-01 2.825236397848272518e-01
# Ядро сверток:
2.500806892118829783e-01 -5.937946088247060272e-01 7.931621523663680007e-01
-3.007582443478092893e-01 -8.594247011175848439e-01 -4.031644838299533462e-02
-1.779971314985804021e-01 -4.066337798816173077e-01 -3.510957517824943308e-02
# Ядро сверток:
-2.471955859168581404e-02 5.684605555688252571e-02 -6.602561566633412260e-02
2.951325761020000271e-02 2.208659023078191341e-01 6.743826614719364843e-01
3.464195449824835626e-01 -1.629362992606261107e-01 1.163262330153268798e-01
# Ядро сверток:
-1.678968265218210298e-01 3.869708828481111529e-01 -1.405125024429782488e-01
-4.058588773507938452e-01 -9.848041562293498308e-02 1.901373152556710688e-01
-4.267472059510553639e-01 -1.710896382816586014e-01 5.081070041110588020e-01
# Ядро сверток:
-4.829173780512797665e-01 4.693027055289777927e-01 -1.630386034109543858e-01
5.168012249827688524e-03 -6.387364320669248752e-01 -1.342659812504483699e-02
-3.204710476652059548e-01 -4.848845688360562539e-02 -4.454090853655318649e-01
# Ядро сверток:
-1.235908013927350807e-01 1.667579018388247181e-01 3.914987925625919990e-02
-2.107598306270153932e-01 3.065176103183134271e-02 4.140428283575661728e-01
6.585336278477189886e-03 1.054400078426712961e-01 -1.381168626624517948e-01
# Ядро сверток:
-5.640396041790448622e-01 -1.561419858733720523e-01 -3.140128305601516678e-01
-2.818831944658782285e-01 6.208185248585986749e-01 6.150628870269153614e-01
-5.630305176662178113e-01 -2.598845663305703393e-02 5.836460960152213551e-02
# Ядро сверток:
-7.441891250281883474e-01 -1.379599110793395533e-01 2.016143114513240311e-02
-4.435249412744181052e-01 1.336239946582328808e-01 2.986350013278272764e-01
2.242291939530499933e-01 1.161131286792592282e-01 -4.298849315567445095e-01
# Ядро сверток:
-3.812348138076650517e-01 -2.349555178354225116e-01 -4.677628342737501221e-02
1.830336268616836737e-01 2.508594494630265737e-01 -1.560551858747365184e-01
4.897472588208083843e-01 -1.617532114222604012e-01 2.409384184866427137e-01
# Ядро сверток:
-5.197556523641304604e-01 -2.932240692095550161e-01 2.936913124744480186e-01
1.172508385566103373e-01 2.876820180965486418e-01 -4.501668459036932135e-01
-2.068808186624815915e-01 2.114461605821665591e-01 -5.366445599703453251e-01
# Ядро сверток:
-4.933551337348292543e-01 4.532889649094743456e-01 -1.047467503312197595e-01
-3.022186786961814434e-02 -2.829264748206383184e-01 -5.774013538324345163e-01
1.759638023831933962e-01 6.702367416571730629e-01 -2.238389723272132259e-01
# Ядро сверток:
-1.964991417927388351e-01 3.374381432641616607e-01 -8.225331020971899942e-01
5.590210081094877381e-01 -2.459405751470681092e-02 -3.594392837863987777e-01
3.631545472008909092e-01 -4.864730426421166182e-02 -1.252768474417141620e-01
# Ядро сверток:
5.323837250771199514e-01 3.550446150250020638e-01 -3.962521799725781668e-01
4.886837905705961882e-01 7.202240533020903834e-02 -1.921382170325065253e-01
4.117754254754925347e-02 -2.559052118217765570e-01 -2.847283417938713534e-01
# Ядро сверток:
2.849283282346313784e-01 -4.180422549131522225e-01 5.134971689071672341e-01
2.334186169239837461e-01 -2.763042163151369079e-01 -5.865260956920885504e-02
-4.520640150267543067e-01 -1.766091882088126619e-01 3.788894015059476872e-02
# Ядро сверток:
-5.276392993663449049e-01 -2.251974762393022245e-01 -1.508109966051113804e-01
-4.015139525036538759e-02 -2.714407329949293235e-01 -9.427045753678979512e-02
2.223615512421104334e-01 2.362727044825271572e-01 5.623076398469903925e-01
# Ядро сверток:
2.143561339226176393e-02 -6.227779294763257090e-01 -6.511163581826422478e-03
-1.304866975925026047e-02 -1.951343271350987063e-01 3.338131460324625377e-01
1.839628642149508109e-01 1.620691695516449440e-02 -1.241817516336298291e-02
# Ядро сверток:
5.677969423496731505e-02 4.564053663953467066e-02 -3.586945207029180738e-01
-3.544346688208169227e-01 -9.731888807895144877e-01 -5.179789098220450444e-02
-2.756395158285488978e-01 3.084310134827013550e-01 -1.880708417339591321e-01
# Ядро сверток:
3.955318757643799810e-02 1.293997374942320866e-01 3.704090383441654422e-01
-3.768998030865308158e-01 -7.864041579515382296e-02 -2.898652428426881089e-01
-6.156871638464643803e-01 5.728203179008002632e-02 9.042667879296342748e-02
# Ядро сверток:
-1.517776327282912008e-01 3.204704807997053040e-01 -4.772859448809320670e-01
-7.402327243666542156e-01 6.582563515391346431e-01 -4.121160566271798720e-01
-1.599012517354680973e-01 -4.046533632205741027e-01 -1.014273796703030861e+00
# Ядро сверток:
3.669568772681616187e-01 2.588981816119091950e-01 1.312147517008360464e-01
-5.752924194469326569e-01 3.492730823542665175e-01 -1.289879049923260135e-01
3.863188378204056583e-01 2.551317357973038602e-01 2.831497727603179970e-01
# Ядро сверток:
2.409367296730383912e-01 -1.233137197610441674e-02 -6.556012405598088399e-01
-1.621103992654653325e-01 -2.968448030750868716e-01 5.101787451932497663e-02
4.462943515531415106e-01 -4.338396216149804085e-01 4.531986474816088878e-02
# Ядро сверток:
-2.424282207762435970e-01 -4.238637854692183654e-02 2.136813149709814730e-01
1.930659228364705812e-02 6.443469126524788981e-01 -3.568441622507415034e-01
2.719866735267374436e-01 -5.162151625283533107e-01 2.242751351037242796e-02
# Ядро сверток:
-1.004034395367967986e-01 4.235382680896252472e-01 1.146131583739396914e-01
-1.340259391011883461e-01 3.103224052780124143e-01 2.463877828615862464e-02
-3.714832999028985089e-02 -1.574075535604017029e-01 1.365321465912702481e-01
# Ядро сверток:
-3.034218959931566650e-01 -1.698177463576255597e-01 -1.818189222940925776e-01
-6.118271853923900050e-01 2.602151909622875681e-01 -2.933192584723087748e-01
-1.265327737493092686e-01 3.823452341618073513e-02 -1.536457636285337713e-01
# Ядро сверток:
2.388855406922281988e-01 8.058659302359345855e-02 1.669876779320558224e-01
1.040869497565471424e-01 -4.410134385492519571e-01 -6.344838408850093925e-02
3.712097519188398698e-01 9.064971085480601209e-02 -4.423492723274800031e-01
# Ядро сверток:
1.043042130965925463e-01 9.645777996031928980e-02 -2.385383364792000027e-01
-2.318172906713103221e-01 -3.140862262059990750e-01 2.914006668621687557e-01
3.443721089648701383e-01 -2.797399257622417701e-01 -5.281019687010892263e-03
# Ядро сверток:
3.903385630424500152e-01 -1.691211792048832596e-01 -1.479937834463211366e-01
3.349153063417348308e-01 1.225837151235949773e-01 -1.293432286667868525e-01
-1.560882929557956544e-01 -2.511478632347539097e-01 2.289649208747392972e-01
# Ядро сверток:
7.485990404118697539e-02 -3.358411154168511326e-01 -3.270126625216191463e-01
6.802583086471899465e-01 -3.425811895807276408e-02 1.224808993069565616e-02
7.773863233876872059e-01 3.453370230578061140e-01 2.254980093045418910e-01
# Ядро сверток:
4.553287473788791839e-01 -2.356121554197221080e-01 -1.540396779209180500e-01
5.992422102858385724e-01 -7.927498961634920835e-03 -8.067225849683247463e-02
-3.034248885503992160e-02 -5.424736895194388620e-01 2.338711871665210551e-01
# Ядро сверток:
6.982349497754851697e-01 -4.214767972705406596e-01 -1.859863623153050205e-01
-2.628103620388321238e-01 5.938170908530467917e-01 1.682872422968484938e-01
-2.386997284930381102e-01 4.249930373339187439e-01 -1.320860180632174455e-03
# Ядро сверток:
2.219659750870293102e-01 4.094569578467354039e-03 2.038096837984687548e-01
-5.191197278906627410e-01 5.620684199948223769e-01 -2.998805666382046153e-01
-7.190076350148866258e-01 -1.066366315606880333e-01 -9.114661015949074296e-02
# Ядро сверток:
-5.589708522116034611e-02 2.897475104356774800e-01 4.272409169287073177e-02
5.565103163171092326e-02 8.427963511584062317e-01 -1.499425217246598274e-01
3.339633300769236368e-01 -2.571385212755459837e-01 2.404857701426842409e-01
# Ядро сверток:
-4.785855325634839619e-01 5.030059777580866420e-01 -1.486937900208476666e-02
-8.325988004477283266e-02 -1.274771729025624134e-01 -8.448869670113756669e-02
-1.743375844235386662e-01 2.427158265639904888e-01 7.075123355403392655e-02
# Ядро сверток:
5.498320159055821721e-01 1.432619427122246158e-01 -4.709598544079888760e-01
9.871692524283376749e-03 5.282837477516557634e-01 3.658632937925659356e-01
6.586657386426246139e-04 4.499552781491762965e-01 8.225615655855890440e-02
# Ядро сверток:
5.506108638103663910e-01 -8.820049779201834250e-02 1.378510540583402777e-01
4.600256658980774183e-01 -2.109299144645973290e-01 3.073638123444066839e-01
-1.160584535088622082e-01 -1.696996122993308653e-01 1.989372420106083061e-01
# Ядро сверток:
2.339255079816662808e-01 -3.746500964969135539e-01 1.375327505030204955e-01
-5.766312271161305736e-01 -5.668211149333997056e-01 -2.129890562296244683e-01
-3.293932264351697066e-03 4.005796665926499717e-02 5.999673392377826708e-01
# Ядро сверток:
8.116023958509983594e-01 -3.536078536222226343e-01 3.079998199586501256e-02
-5.357713667420770792e-02 1.061712292605258567e-01 4.661138369366663037e-02
-3.441113546758255426e-01 1.056501681834325253e-02 2.698278424040947421e-01
# Ядро сверток:
1.396040417222794427e-01 3.302662290468605377e-01 -2.843212478747421113e-01
6.060518903316838152e-02 -1.072059929718505722e-01 -1.278645937701668456e-01
4.065440608277746115e-01 -2.389128007694216738e-01 -2.018642778507888091e-01
# Ядро сверток:
-5.525533514010126934e-01 -3.964961100865540405e-02 3.939472725038605794e-01
-2.265353613810000832e-01 -8.357154123295906789e-02 -1.022731622427866440e-03
6.328760760220365766e-02 -2.012143093535709859e-01 1.133816596852682719e-02
# Ядро сверток:
1.770658349695781175e-01 -3.762080208202179255e-01 6.240970361295167246e-01
4.853387245141882467e-01 -3.607223126807964642e-01 1.671359465923915044e-01
-3.251340706937753122e-01 1.816757299984173291e-01 6.967139097133722148e-01
# Ядро сверток:
-1.525897690001801477e-01 2.043902741717785188e-01 -4.686336869936719163e-01
-1.795023740065455065e-01 -6.130513118264636629e-01 9.784616523654998677e-02
-2.605796969594682544e-01 -1.755593007843518349e-01 -3.297949738449924562e-01
# Ядро сверток:
2.215255910901159364e-01 -9.326947518813959170e-02 -2.160990861739981589e-02
-6.933002057772645887e-01 -3.958409237622391164e-01 3.823811916795498422e-02
-3.169915255567652256e-03 8.534119536694706465e-01 2.633421259880940890e-01
# Ядро сверток:
4.048509579922076607e-01 -4.501297747986205966e-01 2.625426265814053695e-01
-3.800736848713546223e-01 5.518662579051791806e-01 4.933009784809052056e-01
-3.821544777441456264e-01 3.554606329505078377e-01 -2.200223333875534273e-02
# Ядро сверток:
4.511516321842405919e-01 -1.260647509000113187e-01 -4.020771133055127677e-01
5.770201864768339378e-02 -4.512460110677658093e-02 -4.092698390912494211e-01
1.629010251586354707e-01 -4.841372294756828842e-01 -1.784286791315121690e-01
# Ядро сверток:
-1.177564651369781695e-01 -3.693583436295700406e-01 -2.030483245522230196e-01
-1.881391006547032951e-01 -1.342130515672393665e-01 2.350532015334155182e-03
-9.377182118424862156e-02 1.468142244024328025e-01 1.169033607525298557e-01
# Ядро сверток:
-7.238484668365930963e-01 -2.201473595551425855e-01 1.350047690679238299e-01
-1.172263489817879090e-01 3.731887556589572053e-01 -4.268903305580913909e-01
-7.084688711679268391e-02 -5.776615794786555957e-01 3.559037523385202156e-02
# Ядро сверток:
-2.343832651056425020e-01 -7.095514834175421781e-02 -2.417584200211488343e-01
2.720291125542373956e-01 -2.093020818552320250e-01 3.835658276645947384e-01
-2.839713070425020636e-01 6.767768622192654737e-01 1.586727057246627159e-01
# Ядро сверток:
-2.036791135738101055e-01 -2.327004969503016774e-01 -7.559904166065799513e-01
-1.010040334108300714e-01 -3.766499886091547178e-01 2.100880914292560520e-01
-7.134835586681029795e-01 2.452903583325172221e-01 -2.809698211122359512e-01
# Ядро сверток:
2.019517055933216579e-02 3.170999627400214460e-01 -6.652866197817652871e-02
-2.031918471866461448e-02 7.518098074781613682e-02 -4.014576182689091888e-02
1.956287361100377820e-01 -3.951001418348672883e-02 5.216761843309005720e-01
# Ядро сверток:
4.433727750141607804e-01 -7.561825568862529101e-01 2.787205557725568883e-01
1.819011237632644218e-01 1.417506647472985826e-01 9.486359657661756761e-02
-3.409561216138604078e-01 1.498754241654630392e-01 -5.203468171694493050e-01
# Ядро сверток:
6.057821736775274024e-01 -1.136566258337132485e-01 1.028627261131748877e-02
2.622340612417147221e-01 4.543118244320196730e-01 1.097171993263501566e-01
-3.351075038547080553e-01 5.109721145012983134e-01 -1.019404996963981097e-01
# Ядро сверток:
4.558714138706129737e-01 -3.429712137063052890e-01 2.151258734362896385e-01
2.378301025785006795e-01 -4.396391467596949543e-01 6.486522095646234387e-01
-5.985697028442615863e-01 7.800939710314822376e-03 -4.474560644999451275e-01
# Ядро сверток:
-9.665159364231001859e-02 2.097503556029047256e-01 8.384003089395901387e-02
-1.135596930778889208e-02 -2.710814533773885371e-01 1.997999677793591000e-01
-9.200585166766181433e-02 -2.348843647992714945e-01 3.421618569090611323e-02
# Ядро сверток:
-2.111327240825622564e-01 2.489882804112728831e-01 -7.550693336021638280e-03
-4.059353380163790992e-01 4.473106187746309637e-01 -1.061963083416151213e-02
1.818040336881036056e-01 -2.617669107796993452e-02 -8.644592023562217703e-03
# Ядро сверток:
-1.533755381806752582e-01 -3.334103689402146964e-01 -6.117876548353679000e-01
-6.467727727126717507e-01 -3.526729551899771553e-01 -3.283413749482443356e-01
-1.037268269666847265e-01 5.303238458025089086e-01 8.458709371891103002e-02
# Ядро сверток:
1.205564639838564572e-01 -5.177081760193944504e-01 -7.157355248288174154e-01
1.786492865509028694e-01 6.608557808477083517e-02 -3.862351796976170454e-02
-4.090993308536402528e-01 -2.714667372307986715e-01 3.787581247800895362e-02
# Ядро сверток:
5.098965659109310211e-01 9.298944464892033857e-02 2.257035424833528647e-01
1.249166832103021929e-01 2.994923268660226179e-01 -6.634303829606148506e-01
-4.835543589222169314e-01 -4.953275949338263422e-03 4.432880139650046680e-01
# Ядро сверток:
1.705241806016970507e-01 3.368109700316310184e-01 -1.937859845611461240e-01
-2.205011032347382882e-01 2.812442310601407369e-01 2.837966061313790811e-01
-1.132091430762767886e-01 -4.500262480410358035e-01 7.089989932714460541e-02
# Ядро сверток:
6.335290309255960095e-02 4.378664507795242966e-01 2.410062574603132890e-01
-7.854359763537382966e-02 -4.354076863620148230e-01 -3.824257807034683876e-01
4.897625971938623368e-01 -1.928762109858063734e-01 3.253516391894314963e-02
# Ядро сверток:
5.145029549994032392e-01 -4.360480919581624648e-01 2.545168869921891619e-01
-4.324060566564033037e-01 -2.023039410575799835e-01 6.009342343745932569e-01
3.082770658590014423e-01 -4.469217604938414690e-01 -3.930796425265078442e-01
# Ядро сверток:
5.010953231911858818e-01 2.249614463220800387e-01 4.862572459618883652e-02
-1.977905039983184621e-01 8.944006380831705239e-02 -4.486577245424116511e-01
-5.332493625240731783e-01 4.495037457007360349e-01 5.441386071180355222e-01
# Ядро сверток:
-2.116923347251426502e-01 -1.712856050796539298e-01 5.926685248384279125e-01
-6.555607056907384322e-01 -7.528074903255901340e-01 2.827933339987136196e-02
4.954184510446242307e-01 4.791114225222391498e-01 3.940986433741862083e-01
# Ядро сверток:
-2.572047726268211765e-02 2.797394660373626052e-01 -1.973572207080267205e-01
8.791886779987946599e-02 -1.411912029788202072e-01 1.163123311708350732e-02
-1.497981327970854086e-02 3.516474225302896883e-01 -3.569453028379367399e-01
# Ядро сверток:
2.126332363463372677e-01 -4.064910385356446665e-01 -9.304336935322102820e-01
-3.668979435967357206e-01 2.001421262223192221e-01 4.104551375566221072e-01
-1.798827386400680683e-01 2.975061342160857311e-02 -4.073369990471117225e-02
# Ядро сверток:
-6.819924547820341854e-01 -1.981228670738111597e-01 2.759165551181179121e-01
2.369848855509804897e-01 4.086959655098985067e-01 2.213632989848467181e-01
1.025597535425596674e-01 -3.982280563307953880e-01 -4.083276961234258429e-01
# Ядро сверток:
5.535646061698801246e-01 -3.442005227538721523e-03 4.248511959526010129e-01
-1.382244097005530803e-01 2.869123541174617431e-01 6.009596899200281284e-01
2.364170881022165660e-01 -1.753048221992719591e-01 4.572911828483525176e-01
# Ядро сверток:
-6.422044921969288778e-01 -5.825231568236827195e-02 5.925229243332537088e-01
-4.486126894103462659e-01 -7.887194316554005935e-01 1.070334313463325651e-02
-1.326139067843346009e-01 1.759457827910282657e-01 2.782264702214358731e-01
# Ядро сверток:
1.510196913757685944e-01 1.143166230576029424e-01 -3.113855425105130359e-01
1.277801774170688742e-01 -8.096105646531145950e-02 3.105208424893086683e-01
-2.525031545653275145e-01 2.798209171605697265e-01 -3.332275188481210182e-01
# Ядро сверток:
-1.177455444373576715e-01 -3.575652860184767579e-01 -2.348757398779792727e-01
5.711371621646480490e-01 2.089882438003524967e-02 1.630170706289055249e-01
9.169067515740497720e-02 -6.647522084233535578e-02 2.873770003667228123e-01
# Ядро сверток:
1.241069146652241800e-01 -1.644266430033217985e-01 1.545138654310112322e-03
6.249196525197476648e-05 4.990048177702369192e-01 3.953263797489676712e-01
-3.406893440852769572e-01 -1.780238234206919234e-01 -3.520465938722720511e-01
# Ядро сверток:
-3.315432411513723476e-01 4.473187011460645346e-01 -2.118368113681320941e-01
7.370436399047753939e-01 1.458597194482401938e-01 -1.033669644841984425e+00
-1.136962585665507425e-04 -2.131418359331554296e-02 -1.610253587400241604e-01
# Ядро сверток:
1.503280025084021421e-01 -2.591173265002798543e-01 -1.591803076783286919e-01
-4.648160026989244659e-02 4.292953491604075689e-01 8.452378343239798364e-02
-2.044599345393913470e-01 1.727846558469838256e-01 7.619971537376241111e-02
# Ядро сверток:
2.432622733692800243e-01 1.149205784622622933e-01 3.214042513582836547e-01
-3.984089177068601551e-01 7.120669292573383879e-02 -3.593254886382240415e-02
1.310456476346064936e-01 8.995180355739437750e-02 -3.598811256473632286e-02
# Ядро сверток:
-1.332788350417402345e-01 -2.475202877622215136e-01 -1.056869434160979948e-01
-6.541319012805082989e-02 1.121283194719353143e-01 3.834221840609233212e-01
-4.199021981097060818e-01 2.846913047142692887e-01 4.967658175695133238e-01
# Ядро сверток:
5.254482668702290526e-01 -5.292433693232073688e-01 -2.056178344259502744e-01
-4.502231038617695580e-01 8.411063886305261694e-02 -2.246441809073204399e-01
-1.482277988193707874e-01 -4.606411570553617940e-01 7.829526127603537999e-02
# Ядро сверток:
-1.201152890135152862e-01 2.954171742420843572e-01 7.564298299600435982e-02
2.583197432789607895e-01 -3.666973209019878110e-01 -6.895527315340531649e-01
-6.083812930783241146e-01 -2.008727195671692611e-01 -2.035760809380453285e-01
# Ядро сверток:
-3.627224641875543831e-01 6.649937109756853815e-01 -3.192760545486220680e-01
-7.854538535723071258e-02 1.029465492810125449e-01 4.436161560949243299e-01
-9.799071710489444531e-02 -3.270539982904555054e-01 -4.229228848244188099e-01
# Ядро сверток:
-3.998168746099388382e-02 -2.403391623183310233e-01 -7.147999719865441581e-02
-8.558746805405826885e-01 -2.641099046144250728e-01 -2.643041810755213938e-01
7.235926736125865288e-02 7.493944573838217105e-01 1.805888496041500868e-01
# Ядро сверток:
-5.252794960328277529e-01 -2.948801618444696002e-02 -8.955045848465627290e-02
-2.004825478796925242e-01 2.274133215105531569e-01 1.835914885791173901e-01
-3.418030801500016036e-01 -9.109904050918773977e-02 1.368190850075158282e-01
# Ядро сверток:
-7.239723943755508317e-01 6.124125853359284610e-01 4.556166626422080701e-01
2.452479151327150997e-01 3.502146488997637808e-01 4.783025926431418995e-01
2.055152632539950994e-02 -6.064187186698954957e-01 -2.641309087498176500e-01
# Ядро сверток:
5.939735740467353420e-01 -1.962756000883517649e-01 -5.435793041156761901e-02
5.294189211426726382e-01 3.936250877651270019e-01 4.213172116630968522e-02
-4.120298132992893381e-01 5.502469929228717693e-03 -1.722243707980111033e-02
# Ядро сверток:
3.414421243318210147e-02 3.459065454395090500e-01 -3.057126872684828162e-02
7.663950337057626738e-01 -3.290960757966088779e-01 -7.206069152516315635e-01
-3.094591709142779368e-01 -2.839481987958042963e-01 4.896881018141058250e-01
# Ядро сверток:
3.721136919120510700e-01 1.479648195273089717e-01 -4.846192370484996848e-01
-8.131475497335595437e-02 1.160086302068192264e-02 4.086371445542884562e-01
-3.307533363551597438e-01 -3.738841909926630125e-01 -4.022094348801559249e-01
# Ядро сверток:
-3.596985046420600463e-01 5.541475256345229639e-01 2.332868103913080804e-01
3.902843187707136230e-02 -1.474679713873659759e-01 -1.815699517248331452e-01
6.305190855021108876e-01 9.965232129466972122e-02 -7.934125415101871415e-01
# Ядро сверток:
-2.071617799640990132e-01 2.933466448113991945e-02 5.267812036218938454e-01
1.768160625290135513e-02 -2.382323583142757772e-01 -3.660194037037081682e-02
2.866025592856190074e-01 1.990844470860240190e-01 -6.917307413851425668e-02
# Ядро сверток:
-2.286542349853875333e-01 2.853210192219339802e-01 2.463924142593573452e-01
8.779141322241305057e-01 9.544676464925040682e-02 -2.425106259329399550e-01
-4.062544001526234572e-02 1.515269493748690466e-01 3.036540154906015587e-01
# Ядро сверток:
2.517338534735464872e-01 -1.095779646302970783e-01 -1.531338437465987190e-01
-1.952047853743670569e-01 -2.691083123911043318e-01 1.729779735364749341e-02
-5.247705823778023859e-01 -3.467612964021440924e-01 -2.375001120981008462e-01
# Ядро сверток:
6.643247042586070128e-01 -7.898254874933267056e-01 1.966316151104400278e-01
1.228330190000473804e-01 -2.002897191010772904e-01 -5.841075773987385311e-01
-1.497080608068087904e-01 2.119598969123785703e-01 5.419770427651178224e-01
# Ядро сверток:
5.573743715945472799e-01 -9.722870246256176685e-02 6.956275706623256394e-02
-4.289906298709167398e-01 -3.283661528987071726e-02 4.107669006189466065e-01
-4.192386977097903311e-01 1.263353067350346526e-01 -5.637414569160242861e-01
# Ядро сверток:
4.910603110450092457e-01 2.023271027715161097e-01 2.705769409300418440e-02
2.921599831355553012e-01 -3.158548252064660722e-01 1.829799066726839341e-01
-3.517646270587785895e-01 8.871617600500521228e-02 -2.616017007926444982e-01
# Ядро сверток:
4.327187580165360765e-03 9.590782409261858210e-02 9.457130204518077177e-03
4.133933840129730419e-01 -1.933614287929622810e-01 -1.420099288649612213e-01
4.023770591755603254e-01 -1.516238539892222348e-01 2.345941801660596515e-01
# Ядро сверток:
1.791507505244340770e-01 1.337141195084126655e-01 3.540293150911646425e-01
-5.480452713850962089e-03 2.809806958612807160e-01 8.572317094216259925e-02
9.611329262204714174e-01 5.714541303727894705e-01 -2.595237829960231890e-01
# Ядро сверток:
2.715080757796276001e-01 -1.222777013766406795e-01 -1.763294416083771299e-01
-1.705321445545169845e-01 -2.217207305107593215e-02 4.883436503020979064e-02
-3.168477953108968515e-01 9.381212370928343480e-03 -2.322733352865321288e-01
# Ядро сверток:
-4.934779844141200938e-02 -2.538449406300212763e-01 -3.439719912077848774e-01
-1.061186851219390326e-01 -6.908173285342522618e-01 2.433401873085691558e-01
-2.657770119779364615e-01 5.726419762958682297e-02 -1.793422118281899624e-01
# Ядро сверток:
1.700056936006147379e-01 -2.664860209524174128e-01 4.332982619741287400e-01
-1.202126269237559775e-01 5.729938166406672861e-02 -6.216278744408058055e-01
-3.976204405821385790e-01 -1.687296938764163423e-01 1.218699044066071102e-01
# Ядро сверток:
4.047244662342232568e-01 -5.184947131853823166e-01 -1.032521997237206973e-01
-3.194073679433996338e-01 -4.308498023897246454e-01 -1.174247855811707125e-01
-3.157028369156760772e-01 3.681575623388744223e-01 -3.688430775560719299e-01
# Ядро сверток:
6.885064493006899655e-02 -1.658374120681959107e-01 4.983476187151626990e-01
-3.098593230447385105e-01 3.912803055377388206e-02 -5.871820883721447226e-02
4.618291286211143598e-01 -7.846006924980360175e-02 1.869556371080528800e-01
# Ядро сверток:
-3.669257989529337571e-01 1.716587770200725949e-01 -2.410535697304667657e-01
8.176648052253133736e-01 2.687884683596676871e-01 1.350117759341148416e-01
4.978895120961469023e-01 -1.542201492079134373e-01 -5.303975778975252853e-01
# Ядро сверток:
-1.515141418004022078e-01 2.559639549124695379e-01 -6.653043833116102646e-02
-2.384562522643575433e-02 1.044691008377338637e-01 -2.576928371495517123e-01
1.687180604926598326e-03 -4.655493562797692608e-02 -4.862774799102886208e-02
# Ядро сверток:
2.316663050145602032e-01 9.958379014765804393e-02 -2.007286648603183454e-01
-3.060340416071350989e-01 1.557302293496111434e-01 2.234790400282411493e-01
-7.095554199399968232e-01 2.957683376549196663e-01 -2.936230580386889333e-01
# Ядро сверток:
2.800238109303535561e-01 6.228379252178267017e-02 -2.518889772663828741e-01
-3.076135388955268390e-01 -6.924487216479386503e-03 1.300917411096406129e-01
-4.061164220281774928e-01 -2.113870273812095898e-02 -3.131825059487408029e-03
# Ядро сверток:
-3.761564487725678196e-01 3.409751540715927898e-01 -4.193128292397805823e-01
-4.690952744158449761e-01 -2.460530806209109689e-01 -2.263422852518423845e-01
2.693190534204409348e-01 1.875732209685752050e-01 2.205071007525373841e-02
# Ядро сверток:
2.923250645651646606e-01 3.723420546839430467e-01 -2.495172664142539243e-01
6.586480411807525970e-01 5.798929699430461354e-02 -2.995742554780346789e-01
-1.006043948720287962e-01 -2.418208312839301710e-01 2.713538419166084958e-01
# Ядро сверток:
-3.172041937415758239e-01 -1.046935416303967248e+00 -2.355780372639592335e-01
2.664039914711778968e-03 7.667694949332438670e-01 -4.031848538401255344e-01
3.780021799717577791e-01 5.802574855273287535e-03 4.959126996793762621e-02
# Ядро сверток:
7.543831785696701875e-01 -1.665324983231841194e-01 -1.316873365586296307e-01
2.930355998608952794e-01 -3.348038931761936343e-01 6.663094702988078266e-01
4.901317645138717621e-02 -3.918949363292191790e-01 -1.584068263871518320e-02
# Ядро сверток:
3.389821022539072359e-01 4.806279807946257920e-02 -3.322044656587327394e-01
-1.343070225780015614e-01 -3.054964006575380808e-02 5.393832891229788373e-01
-5.181999025247976398e-01 3.682436702810151785e-01 2.084946128634513618e-01
# Ядро сверток:
2.209313957540515461e-01 3.897757495730433952e-01 -1.500770282946813083e-01
3.104890508750374756e-01 8.943029968936805352e-02 8.359796100246499884e-02
-9.563753446436078220e-02 -5.067532218318895887e-02 2.935594352488830050e-01
# Ядро сверток:
-3.266507663031346098e-01 -3.019751243531811902e-01 3.741913534715370915e-01
-2.101400978852175916e-01 2.710139982525407998e-01 -7.027453608874075774e-01
2.720137578693261893e-01 -5.988155383178176416e-01 1.470992673775843307e-01
# Ядро сверток:
-1.425594828897106814e-01 -6.257294447106606095e-01 -5.513753974850571504e-01
-3.689681447136042292e-01 6.049941712005422190e-01 -9.490680311552293982e-03
-4.504406172085833604e-01 -4.102716836394137423e-01 5.971044846513360316e-01
# Ядро сверток:
1.536723111044431267e-01 3.496419699153492378e-01 -6.909554238950274541e-02
4.733175999597207251e-01 -3.209944497974316895e-03 1.896414910980857016e-01
3.639245444432339105e-01 -2.572177897887462650e-01 -1.017276445285227870e+00
# Ядро сверток:
-6.861693277621290499e-02 -3.428130868225973682e-01 3.878084124557776291e-01
2.091947040941998515e-01 7.760120949510550606e-03 3.588209580089266049e-01
-4.794608617516418758e-01 -5.329358715056659729e-02 -4.236688701026569137e-01
# Ядро сверток:
-2.444458237520361621e-01 -3.766858608373765405e-01 -4.908194733894342965e-02
2.310655985123087064e-01 9.356921523251708617e-02 -5.477849355049864422e-02
-2.124035344802717440e-02 1.625444072628249859e-01 -2.777026108277731997e-01
# Ядро сверток:
-2.969223901475270475e-02 3.251706296036979693e-01 -1.331816667169354318e-01
-3.265332349292597858e-01 1.037109491928874389e-01 -9.631477073300226399e-02
4.069750248613296928e-01 5.193658128305714827e-01 -4.785743195362858471e-02
# Ядро сверток:
-5.365860194754202839e-01 1.208302631368000646e-01 -2.060968968248349520e-01
-1.610890691160313526e-01 -2.364112174766047625e-01 -4.723903400237136063e-01
8.918003445670428242e-01 5.416485609151722169e-01 2.593196009666335899e-01
# Ядро сверток:
-2.581140415706978941e-01 9.490320050005499053e-02 3.801529070029125434e-01
4.022917083190042514e-02 -4.559171255524682165e-01 7.182925139201536135e-02
-5.945900147240997663e-02 -1.461559820778412233e-01 5.025158092188319880e-01
# Ядро сверток:
-2.140361655276465658e-01 3.549154907194564945e-01 1.127688564601941751e-01
5.713887179076843070e-01 5.403649997320219001e-01 -6.382505310934928622e-02
-2.842728700277337706e-01 1.733036315520302684e-01 -5.996305413674701823e-01
# Ядро сверток:
2.961463062772547450e-01 -6.760012487903047651e-01 -1.545419465749294230e-01
3.115008539067253349e-02 -3.790042824756164053e-01 -2.933145133355257728e-01
5.181355978463603185e-01 1.485015237002489663e-01 -6.389137274328007821e-03
# Ядро сверток:
-2.536017978952087026e-01 -9.417004264011104020e-01 2.678190407980471366e-01
3.874368420309108330e-01 -9.929598917201318264e-02 -1.739129772460500656e-01
3.735148236230383806e-02 -2.182833144854740282e-01 -2.952651724959131641e-01
# Ядро сверток:
9.019627727351714475e-02 -4.987385387475695708e-02 -3.867024130592640607e-01
-1.522106433390622571e-01 4.146595745849865344e-01 6.239017440773999557e-01
2.562579275547586799e-01 5.875705314652942546e-01 -1.677441671525246869e-01
# Ядро сверток:
3.762336342131641226e-02 7.215715509753224677e-02 3.571474764767817445e-01
-2.748258453188928696e-01 -1.048729153073050951e-01 -1.699174515168736521e-01
2.770213965689038438e-01 1.011807468877119476e-01 -2.850240423729105133e-01
# Ядро сверток:
2.053043171178946524e-01 -2.822293543678367489e-01 2.033482344289576083e-01
-2.547524258342772074e-01 -2.119245055920100651e-01 2.996485155821384735e-02
4.246554353191961395e-01 1.625155499670379311e-01 4.269820440165284642e-02
# Ядро сверток:
2.055905990932135607e-01 8.132483767329624635e-01 4.712378697951887657e-02
2.646691567402089523e-02 -4.514264610145435341e-01 -3.503155815084970648e-01
2.903182188925208518e-01 3.015923894506526981e-01 5.794220230142111960e-01
# Ядро сверток:
5.453312528922023006e-01 9.012594601319350723e-03 9.614319761407222331e-02
5.127852882721057881e-01 -1.044001997575322166e-01 -2.599931737960907707e-01
4.317398384266107718e-03 -3.460740060747390379e-01 6.410909461473811577e-01
# Ядро сверток:
2.810699411110342272e-01 -2.193933397916947303e-01 -3.800286021759813337e-01
2.539351492126319942e-01 6.260317426055441725e-01 8.892791249733636993e-01
-5.450785418665032855e-01 -4.059389592266625102e-01 -2.652045598993153699e-03
# Ядро сверток:
-2.796931144876295128e-01 -6.777718493947740286e-02 -2.469518302076274263e-01
-1.561944190481647510e-01 -1.891315372697883468e-01 -3.012245251724842698e-01
-2.762104901727302497e-01 1.973446831278354296e-01 3.304000620646435071e-01
# Ядро сверток:
-3.452118391277132492e-01 3.314212291773594998e-01 4.239611146488621307e-02
-3.146741764034799438e-01 -2.580310744377111720e-01 -4.450864906865850124e-01
-1.091155221056296504e-01 1.423050999091389837e-02 3.837483230273566193e-01
# Ядро сверток:
-2.321825677184158054e-01 -6.577944722702977476e-02 -3.413505639021685023e-01
7.406215541623838439e-01 4.264495975996768218e-01 2.191838827494891617e-01
-7.291322924471922706e-02 -4.806616997824771920e-01 -4.586610717433852735e-01
# Ядро сверток:
4.140663682364026377e-02 7.162325571399655311e-02 2.866879922060062147e-01
-2.206010922166223853e-01 7.691673448253114054e-02 4.139779638072850765e-01
-3.467621770390838520e-01 2.725128125515510757e-01 4.581287047728892503e-01
# Ядро сверток:
1.297329327832349444e-01 1.536973964991243946e-01 5.285094270218833150e-03
2.832779103065621862e-01 4.607401227913301422e-01 -1.232643184171496736e-01
-1.134252647964077987e-01 5.697580556499928783e-02 -1.453712181365731382e-01
# Ядро сверток:
7.822679978765845199e-02 1.067800993289812622e-01 1.792018434359215484e-01
3.822231559054059535e-01 3.463032445014032623e-01 -3.029288785901443348e-01
3.294387690888694875e-01 1.698142613122496092e-01 2.971143048451351243e-01
# Ядро сверток:
-3.145549501725105057e-01 3.087781051439525415e-01 -3.847194893103836333e-01
-3.638833941584371789e-01 -2.893439494639029053e-01 -5.883917945088870116e-01
2.813253834044616153e-01 -8.638913088476418700e-02 -1.304320135531373548e-01
# Ядро сверток:
5.291777235341452168e-02 -2.816510498870229782e-03 2.228226605640228064e-01
5.411932169768235434e-01 -2.560675092695928468e-02 -1.948362756513834226e-01
-3.019554452792725871e-02 1.146879515014890272e-01 2.626560560246459786e-01
# Ядро сверток:
-2.356414585374806692e-01 4.369273614579142206e-01 -4.934402147905863067e-01
3.760057449046393802e-02 4.794902944165940761e-02 7.244689463257643069e-01
2.234644178349379229e-01 -1.324481866703657307e-01 -2.712350733733682739e-01
# Ядро сверток:
3.555012450370282351e-01 -2.968326860786451582e-01 8.644231594203727331e-02
3.047595786814272789e-01 -4.666676644839811150e-01 3.448647286237296883e-01
-3.475955167630077197e-02 -3.008193819979036454e-01 3.163235605112997284e-01
# Ядро сверток:
1.097289576018122964e-01 -5.135032800685988830e-02 -7.919221292255591571e-01
-3.537497645545518155e-01 1.031470780870524795e-01 3.134798768879365483e-01
1.264881650894019161e-01 5.322542685774801496e-01 4.842064201757857456e-01
# Ядро сверток:
-3.996855735835989631e-01 6.052557249298946146e-03 7.420985157319153966e-03
1.611463212378481946e-01 2.190373394456480993e-01 -5.093428974306550838e-01
-2.443756144460121071e-01 -2.547166422324494417e-01 6.619667315313930711e-01
# Ядро сверток:
-7.019671792725008519e-01 -6.154665386792865789e-01 1.881954295536715227e-01
1.397229201073063032e-01 -5.594883045177193592e-01 3.967666312952133900e-01
3.224656646644735170e-01 -2.803026371370574976e-01 -2.367027072231140672e-01
# Ядро сверток:
4.055595408306423844e-01 2.831505349595631604e-01 3.923710034922730516e-01
-2.886128670899509863e-02 2.537611151526343312e-01 -4.267980768883564147e-01
5.021867789567261570e-02 -6.405590224470917304e-01 -3.787934229299407818e-01
# Ядро сверток:
8.558151734656646234e-03 1.890275008491143216e-01 -4.291947978685466403e-01
3.362537011360454131e-01 4.296108251186869786e-01 -5.435689986361259551e-01
-5.458612805056778372e-01 4.350681975941780300e-01 -1.991958788447199813e-01
# Ядро сверток:
6.801248784715219209e-01 -1.117042516748241593e-01 6.060381818942798260e-01
3.663328146593479717e-01 -2.087672354598519853e-01 -1.430091314019471260e-01
-7.796429702142154694e-02 1.757660041451208632e-01 -1.174897278717271093e-01
# Ядро сверток:
4.618197970398658647e-01 6.025663614826671788e-01 -9.153668496893357931e-02
-5.970731230239795240e-01 -5.939031601080008160e-01 1.408633284931504470e-01
-3.824788350880533039e-01 7.288255958632265663e-02 -2.928286350374150193e-01
# Ядро сверток:
3.609656650766508990e-01 -1.892007590371841963e-01 -3.263633014853196124e-01
-4.844123721978674801e-01 -1.766837443677027053e-01 -1.846587782266057715e-02
4.255251473087899305e-01 -2.356604706604780719e-01 -2.133614481221433323e-01
# Ядро сверток:
-8.775456690926262127e-01 -7.092803122842442076e-02 5.869960496818384110e-02
-2.948943394915356508e-01 -3.385161034509828748e-02 -4.696733720875985729e-01
-3.699229639280095516e-01 1.377848412802314959e-01 4.913127276696759027e-02
# Ядро сверток:
4.897569859302791095e-01 4.828692586191964398e-01 -2.321049129556398138e-01
-5.058513111186351274e-01 -1.421102591769315693e-01 3.068685938988813602e-02
4.808813717096414690e-03 4.608024137414700738e-01 2.230190305451124066e-01
# Ядро сверток:
-2.806762736486272947e-01 1.434015838758828376e-01 1.114304341026130185e+00
-2.557396470023897139e-01 1.894669415553323355e-01 -5.511901784619336331e-01
7.791544571468882463e-01 2.154143696349966608e-01 -2.418870013087198456e-01
# Ядро сверток:
-1.030663454264452300e-01 5.957812668052141492e-01 -1.253675905924553913e-01
1.426337326955137985e-01 -1.786154882579712722e-01 -2.312435682444320961e-01
2.968814454522314961e-01 2.943957178138680297e-01 2.778742899962846624e-01
# Ядро сверток:
-1.985531713606719928e-01 -4.525287448076210084e-01 5.103255788794597292e-01
-3.686418967789318463e-02 1.414716140772785402e-01 -1.930030529680029638e-01
1.193761537174273663e-01 -5.576355669397170534e-01 2.814564838463927132e-01
# Ядро сверток:
5.038584138163997028e-02 1.177204036160268558e-01 2.370645023550240760e-01
6.222342716144781127e-02 2.934651963534403163e-01 4.536553934730360726e-01
7.391617191229001849e-01 -4.393497710611834681e-03 7.120033184922469616e-01
# Ядро сверток:
7.474197315669300901e-02 -8.628424340244034152e-02 3.118888189613878703e-01
3.003309532089158962e-01 3.770102748594784670e-01 -3.083387272833501003e-01
-4.375676184837194380e-03 -4.269240129016287771e-03 -1.281468781670432322e-01
# Ядро сверток:
2.550418089864908144e-01 1.320706861546747657e-01 -2.002470943150519711e-01
6.628831454278540092e-02 2.135943262176072943e-01 -4.403560036576260051e-01
3.881539042153971386e-01 1.339068436708160392e-01 2.484930728281841972e-01
# Ядро сверток:
-4.030670171875379570e-01 -3.785331488758877372e-01 5.351886496420493744e-01
2.664191174425495912e-01 -1.643172461479406807e-02 8.370884521135850409e-02
-2.964532688227313612e-02 3.411766340402676567e-01 -3.114144030492854709e-01
# Ядро сверток:
-1.221335745437227144e-01 6.480336409394898967e-01 -4.039565880370262207e-01
2.505943914899138036e-01 -3.408772478940905737e-01 5.707160580179185955e-02
3.717641363290704465e-02 -5.576352035485083736e-01 2.348504594039375615e-01
# Ядро сверток:
-3.165097055362227074e-01 5.256606867163678837e-02 -6.934966329162551846e-01
5.456540706167180982e-02 -4.669917092928327351e-01 4.322831111779592422e-02
-3.254597743560442291e-01 -5.848272943996480899e-01 -6.062690417978645538e-03
# Ядро сверток:
-2.476755965971684792e-01 2.875861977969356720e-01 5.336264103617652799e-01
-5.038066993261530735e-01 -4.643760311301663446e-01 -2.409821411310195949e-01
1.704157010811066519e-01 -2.403430360606859106e-02 -3.681763671445076880e-01
# Ядро сверток:
1.905032114982896096e-01 7.492753210755614957e-02 1.459134525830791118e-01
1.209802606005274811e-01 -2.908948424752893364e-02 9.491149089165836772e-01
-3.567932250987729259e-02 5.874271944576714942e-03 -5.764819670245063810e-01
# Ядро сверток:
-1.107621352354085376e-01 -5.356580380435191913e-01 -3.301763423992293278e-01
-6.251880511384939887e-02 -3.193845151419038575e-01 -1.034944845080645326e-01
3.193130553869408805e-01 -3.763340770121542667e-02 7.305915069937786444e-02
# Ядро сверток:
8.591928746537147443e-02 4.625427938660821026e-01 2.087066778756740612e-02
3.614485568936563475e-01 -2.442922064866220599e-01 1.611927856352649846e-01
7.037660682787426347e-02 -7.694352881478670747e-02 -2.737391186737848318e-03
# Ядро сверток:
-4.378731861096735178e-01 6.610572580831426404e-01 2.367391385349114086e-01
-2.917812620337398855e-01 -4.053447600699455200e-01 5.608594961797930961e-02
3.117252973236691593e-01 -8.972312267742955649e-01 1.278956153265584962e-02
# Ядро сверток:
2.409430674648845860e-01 -3.117444480216089997e-01 -1.112854616479045239e-01
-2.064254579149744639e-01 -3.263947847723934204e-01 2.971819248362996824e-01
-2.263182775214222509e-01 4.739904425403736188e-02 3.733808177933205519e-01
# Ядро сверток:
2.068391204828229357e-01 -4.619559243481997646e-01 2.521914197707452732e-01
-1.903302516078813067e-01 -4.366971381266309127e-01 3.619265605583201206e-01
3.697651314691772217e-01 1.601817858021119256e-01 4.134569804016789418e-01
# Ядро сверток:
1.148839637491102898e-02 -2.523652600375401178e-01 -3.293909606846489591e-01
1.687590758284350234e-01 2.214099931190061932e-01 -2.043904712595304707e-01
3.658321673024941822e-01 -2.246127830806772530e-01 3.233903893608415236e-01
# Ядро сверток:
-1.835417786850805366e-01 -3.143747833500591393e-01 -1.681394757370812121e-01
8.595239392807936252e-01 -6.012405258363186927e-02 -1.882408301818069285e-01
2.866597680705481460e-02 -1.132244871480180964e-01 3.779897573431575952e-02
# Ядро сверток:
4.016604672626850059e-01 -2.450021804873507292e-01 -4.932773821302947614e-01
4.390200025968151176e-01 -4.038372262429657661e-02 -2.745696046708555049e-01
-5.502610017638289719e-01 -2.420230299984797717e-01 4.919829997890329265e-01
# Ядро сверток:
-2.892586463855216228e-01 1.202249665612357271e-01 -1.824350990632792602e-01
-9.193644673969274261e-02 6.244289543639682805e-01 1.526310454106846459e-01
1.105531950385526124e-01 3.716846488604746979e-01 -2.727471177897704546e-01
# Ядро сверток:
7.530292808581937058e-02 8.265249144075043075e-01 -6.284637267863073251e-02
-2.394000121826595495e-01 -6.792608491165227358e-01 6.525509826682975023e-02
-5.014391206662913714e-01 -7.038239607298550915e-01 1.426797873205028766e-01
# Ядро сверток:
3.462448984356527593e-01 -1.551649408233670424e-01 -3.142056267943158510e-01
3.992786855095021847e-01 5.863843774128002506e-01 -2.005931656860533430e-01
9.730126057348099655e-01 -2.984798276079934573e-02 5.758253431989023285e-01
# Ядро сверток:
2.221751653383789160e-01 2.372210458458210158e-01 -1.636694040932620831e-01
-4.162625601617185866e-01 -2.578386716236182735e-02 1.721167182529163842e-01
-4.344043353180286893e-01 3.021635010318761069e-02 -2.430398766928961174e-01
# Ядро сверток:
-1.916552574413440124e-01 3.756250149033225905e-02 -4.218070597929238219e-01
3.235229692450628664e-02 3.017055695550683869e-01 1.762205909113762348e-01
-1.582699449117307144e-01 -1.546408566681855279e-01 -3.823295088515143991e-01
# Ядро сверток:
-3.575158143288350576e-01 5.368467870964432204e-02 3.237788915921940291e-01
1.917633048639207638e-01 3.888970379085185392e-01 -2.450784664051536832e-01
2.420852373116105516e-01 3.612333361042574520e-01 4.143206930338643179e-01
# Ядро сверток:
-2.269734415575369868e-01 -2.138226757226130981e-01 9.559278691434887343e-02
1.863860470335146624e-01 -3.889624084842354668e-01 3.136798880987453075e-01
-4.973126570708855804e-02 -1.569567007926471192e-01 5.087239513670868130e-01
# Ядро сверток:
-4.440697620033705051e-01 -4.273044321274702129e-02 2.858010803441173864e-01
1.475528544149330712e-01 -3.336331223396974965e-01 -1.780415815538165802e-01
-1.083794059486846845e-01 -4.449161569836301289e-01 2.351439939757550002e-01
# Ядро сверток:
2.337055115764491431e-01 2.900342016559666614e-01 1.045574968409389988e-01
-2.078467557112265718e-01 -3.326169396489866426e-01 4.012560380935683430e-02
3.101984467211424401e-01 -2.868052596167409152e-01 -1.935334598826535246e-01
# Ядро сверток:
3.503917626578655353e-01 2.667299633439732531e-01 -3.469008732044414484e-02
-7.123471105549848692e-02 -2.846173550589585766e-01 -8.617259582190564537e-02
-3.340390255585776180e-01 4.476217838222678047e-01 -1.317154480562337526e-01
# Ядро сверток:
-2.389908755920856220e-01 -1.407055958346515867e-01 -2.411009213959902087e-01
1.373435682459490659e-01 9.367276742212364560e-02 -4.353131816058093406e-01
-3.449655288259812491e-01 -4.453386491796127999e-01 2.017946080725483704e-01
# Ядро сверток:
3.972939575674361984e-02 -1.081697278285549124e-01 -3.026588000389295874e-01
-1.811672929459398340e-01 -1.532723698718975180e-01 4.387220336524420006e-01
-1.044366432290749769e-01 4.353830025486082368e-03 -3.833865562910147573e-01
# Ядро сверток:
2.234043412875366952e-01 4.966376278005450035e-02 2.059457433141726745e-01
2.433526745868982155e-01 -8.654855954878611091e-02 1.234442217852943224e-01
5.346588154356413103e-01 1.897938856332462678e-03 -4.272607363442664230e-01
# Ядро сверток:
4.635781793576799203e-01 3.564816921963438467e-01 -1.620203488400597802e-01
-4.150174763024511854e-02 4.151849849982875429e-01 -7.468536143994797261e-01
3.405917704009288061e-01 3.004912231771668107e-01 3.146815515132662666e-01
# Ядро сверток:
-9.530220008986721447e-02 -6.703880101461109353e-01 3.233230729931706460e-01
-1.294447643624627442e-01 5.204610947437634527e-01 3.651512729042837302e-01
2.571558796986517237e-01 2.169514045656033285e-02 1.758646002845171974e-01
