# Исходный размер 2-го сверточного слоя: (192, 4, 4)
# Ядро сверток:
4.704633898462015074e-01 1.218418207873968595e-01 2.473219485870704337e-01 6.639376774577009088e-02
2.803049017143813271e-01 4.867292471519610864e-01 -2.905574020409857142e-03 3.397156165212819601e-01
7.790755923735632749e-01 6.508156925533624682e-01 1.243762330734128896e-01 8.308787845541987238e-01
1.795070226175969896e-01 1.132468273440981887e-01 8.574130414363204111e-02 6.504131324511910894e-02
# Ядро сверток:
5.489730456785851809e-01 3.394319926647809127e-01 1.461910706845694075e-01 -2.154614361343479001e-01
4.085467996711218686e-02 5.303526080415479349e-01 2.048180140811422523e-01 3.987297176937480009e-02
-3.027558076654176533e-01 3.117670816677495238e-01 -1.262663071592711184e-01 1.252249092899301863e-01
3.479330296906174569e-01 3.437669162458437816e-02 5.160905490392397876e-01 5.016484541231407412e-01
# Ядро сверток:
3.335068631135038597e-01 4.601779431606758952e-01 -2.289209416061454561e-01 -1.028347967994364259e-01
3.385992881093458640e-01 -7.379893483489739781e-02 3.481095735149954129e-02 4.244453806318906341e-01
5.790496852454152243e-01 6.234149283518122253e-01 5.670644575238051877e-01 2.607829716321891089e-01
-1.286385887478125600e-01 4.040049803020314134e-01 3.351749133128565927e-01 3.336225167347971476e-01
# Ядро сверток:
-2.986428981904221680e-01 2.444122982815839784e-01 2.560423722639910277e-02 -1.651783167427129870e-02
-1.823621436318834665e-01 -2.550556545780525153e-01 -2.389817484553429516e-01 -4.988615254753972494e-01
-5.683120579271569994e-01 8.977325273095446839e-03 1.309629998663915940e-01 -6.117042832885477566e-01
2.932022817439986495e-01 -4.037565852160643343e-01 5.791411044052353213e-02 -1.254339204062997482e-01
# Ядро сверток:
-8.658324267545839011e-04 1.706445211212401225e-01 -6.686719842162661132e-02 1.705342148826412552e-01
-7.722270889975393904e-02 -8.532213424788091805e-02 2.113294306431410530e-01 2.952692013521200920e-01
-2.043902631266559730e-02 -4.670461828508472302e-02 2.871996511064749957e-01 2.295051219648150675e-01
-2.010996680411921422e-01 -2.007826042246560749e-01 -3.831698639653687288e-01 -6.669007927111234024e-02
# Ядро сверток:
-1.688287886252761438e-01 -1.768244048377553279e-01 -3.961374445756858376e-01 3.763675932847534295e-02
1.609523649742589935e-01 4.599235608523373764e-01 2.444281218185213322e-01 2.269681445490747129e-01
-4.662044385912819111e-01 6.131799002437470225e-01 2.607589899944421918e-01 -2.139797340309184392e-01
-6.236642420333967859e-03 -6.208502028884337748e-02 1.948307559819005552e-01 -5.318330099397626520e-02
# Ядро сверток:
4.869641095447951873e-02 -1.558426426658919284e-01 3.682247151329033352e-01 1.353043930987900267e-01
-2.410471809957269451e-02 -4.272627073196210157e-01 5.558728632166051037e-02 3.435500263779088168e-03
-6.230232886684176907e-02 -6.297443235991255495e-02 1.277559393707622393e-01 -4.265568686848261182e-01
6.925464739743487919e-02 -2.171834359227488853e-01 1.090287123240213651e-01 1.853275699917455166e-01
# Ядро сверток:
3.449302132198595050e-01 2.064430130286986492e-02 -5.458658860326803808e-01 -2.397672623089274202e-01
1.779470818471261262e-02 9.795548215568809780e-02 -2.598978973615220234e-01 -2.769202407485016892e-01
1.123371348722262408e-01 4.636204307964855165e-01 -4.879971341702379894e-02 -2.987459957685492107e-01
1.432967159951401004e-01 -4.038648090478472175e-01 -2.474551280956773514e-01 1.262342963705597454e-01
# Ядро сверток:
8.061672079624440657e-02 5.638526484505138603e-01 4.227519614232608802e-01 -3.505782652617322470e-01
-1.747243538293035692e-01 -6.736450455824594119e-02 -4.096778544045106552e-01 -6.119848334009659122e-03
-3.255161560323786007e-01 2.137265318190744445e-01 -3.498869610656301088e-01 1.402104144238477124e-01
-5.098043077424960767e-01 1.688677049879668546e-01 3.156527179100081931e-02 -1.800473333307376356e-01
# Ядро сверток:
-6.953270227882032972e-02 -2.527432929899027791e-01 1.844961845095594369e-02 -3.488463187243131397e-02
-3.084252696197314902e-01 7.323898680092381930e-02 1.830723339364919988e-01 -9.067433673373183345e-02
2.014913365117698418e-01 -6.203738070880272099e-02 5.183805912760347523e-02 4.893214971723332946e-02
-1.870542167136096667e-01 1.619670127267330006e-01 3.391243860446607195e-01 -2.321355338838637650e-02
# Ядро сверток:
9.314539224394344230e-02 -7.059864955142776122e-01 7.899706284135897538e-02 -2.348640804278679384e-01
1.000068805556035972e-01 -2.371007055530762186e-01 5.934912690399975210e-02 5.082127669347352716e-02
4.009387559600743334e-01 3.299234241573270610e-01 -1.890398468764813373e-03 -2.782205498068890948e-01
9.862885048361183515e-02 -3.027673151766979154e-01 -9.011664933613702799e-02 -1.156622926122356232e-01
# Ядро сверток:
-3.006108844691688375e-01 7.328043536005895975e-02 3.273368767115346634e-01 -2.712911080505947536e-02
-1.650277799536928325e-01 6.581386758177493190e-02 1.248305340161082189e-02 -3.534762033956896365e-01
-1.354953330245433907e-01 5.996949903732310544e-02 3.386060257424069464e-01 -3.765509191961578794e-02
-4.262814249638862546e-02 6.869779639003381622e-02 7.878573703093791347e-02 -5.338063493758524874e-02
# Ядро сверток:
2.390730289401675202e-01 1.425565417339374752e-01 -2.097651648289504678e-01 -1.879294591150142413e-01
2.213131100825220174e-02 4.966346771055317466e-02 -2.652381226729298991e-01 1.209503498826254297e-01
-5.417740313245948680e-02 1.001867664304203487e-01 2.648158408001300423e-01 -3.021595881094527591e-01
-1.498132192663583287e-02 3.849453275412333814e-02 -1.600868938563397570e-01 -3.289815128069913802e-02
# Ядро сверток:
1.827715370150392316e-01 6.051063274916852752e-02 -3.028196421914524650e-01 1.642764950756061826e-01
-5.027239021626477705e-03 -1.307366402128644078e-01 -7.479924958775718835e-02 1.860818520937345399e-01
-2.172535730278442323e-02 1.215983977117478659e-01 7.564542370258198201e-02 1.323708941540666373e-01
-3.435604843139874465e-01 -4.866057368934075811e-01 2.162383425422007358e-02 -1.402544298056094541e-01
# Ядро сверток:
1.308264742098158018e-01 1.201684661208421295e-01 2.290788301108855063e-01 -5.617080873443714983e-01
2.370551963887050084e-01 4.022464616623350198e-01 -3.826776164144798931e-02 -1.365999199771933958e-01
1.864934135249836089e-01 2.635180767975336610e-02 4.300526315198238136e-01 2.896671025970048441e-01
5.122463717538018324e-01 1.968668523117375335e-01 1.911581171692779829e-02 -1.794693376861099254e-01
# Ядро сверток:
5.656708871306912606e-02 3.869067304258813067e-01 -1.256696811458731244e-01 1.272478924757829699e-01
2.104811592860759972e-02 -1.673542426972731700e-01 2.449147062338370429e-01 1.223842497472706764e-01
5.681278094392161471e-02 1.893379270393658054e-01 -3.057734321749356887e-01 1.388762798972594231e-03
-3.357710760974228492e-01 1.776573131197057009e-01 1.414057119470388535e-01 -9.285825315136338187e-02
# Ядро сверток:
9.305440245259302690e-02 5.860729672040956850e-02 -1.196807222918025021e-01 4.159655268973711517e-01
-3.054335819195907326e-02 2.035932286791451440e-01 7.538179671522057812e-02 -2.618149844398938164e-01
2.740765233027302461e-01 -3.390110050687483723e-01 -3.675791580616230014e-01 1.533492948817720414e-01
-2.244495195354552844e-02 8.253326772393142219e-02 -1.804132586592838150e-01 -1.681218899804210187e-01
# Ядро сверток:
1.582148698964551126e-01 -5.612578141052289027e-01 -1.194518297247036953e-01 -6.619214921044161426e-02
4.387689278586003050e-02 -3.364353102980793819e-01 -1.657280622868287645e-01 2.098078235547680762e-02
4.810994592070845788e-01 -1.891233708186948470e-01 3.621183781449205941e-01 1.273636254241988508e-01
-8.169854629690850856e-02 3.743648310296897042e-01 1.969894646890659184e-01 3.486822238751317166e-02
# Ядро сверток:
3.309522486433557065e-01 -4.043542336941832183e-01 -4.009103104673545914e-01 -3.517605986306271502e-03
-2.319801414523325611e-01 4.459929935558943348e-01 2.063082245522714075e-01 1.137124360200356121e-01
3.783891299603150959e-01 4.026379411616906046e-01 -2.911581964518201171e-01 2.641993036619602053e-01
-2.066097726081191945e-03 -1.265730097700764473e-02 -1.362985493897392840e-02 7.266290486330713450e-02
# Ядро сверток:
9.282599364841120915e-02 -6.107176692305354981e-01 -1.163296907033829347e-01 2.864677634438298967e-02
-4.146631792512394110e-01 -5.468999844952442402e-01 -2.596857928872688404e-01 2.870963180109832869e-01
-6.177583654042737710e-02 1.630329561521308979e-01 5.088062700110158598e-01 -2.441397973321503614e-02
1.793568090119227743e-01 2.740920582772893299e-01 -1.921674421000110376e-03 -5.514969222979232422e-01
# Ядро сверток:
-1.041002059079673553e-01 4.629634892215439002e-01 -9.443225994932445688e-02 9.969170955436969239e-02
-8.561099511205495782e-02 1.030068780481548513e-01 9.873274744052672192e-02 -9.319668366420569283e-02
-2.522635751414611383e-01 2.824198674058443076e-02 -3.631542622664997721e-01 1.987777415090168087e-02
9.494319848323952427e-02 2.105901518853883492e-01 2.605728641045979566e-01 -5.099999400188669207e-02
# Ядро сверток:
1.847032794701365943e-01 8.232983025809842426e-02 3.196780415989420865e-01 -9.522898328618498165e-02
1.820713276340326647e-01 2.361507944715566295e-03 -2.725637380429124512e-01 4.117839803714075098e-01
3.738838873437219101e-01 1.095365707274229689e-01 -1.244190768543993048e-01 1.288921366499122811e-01
-5.684115109878056654e-02 3.541282109147603219e-01 -1.793476244540350151e-01 7.539322208939325254e-02
# Ядро сверток:
2.935071381015570413e-01 3.532117396763857645e-04 -3.279588242276922361e-01 -1.000954787222087528e-01
1.614299072468392826e-01 -2.238225714007857081e-01 5.174184211377615972e-01 -2.714678085263608764e-01
1.764468468905883991e-01 2.998763474278029473e-01 4.000735409224733669e-02 1.988195933640580504e-01
-2.537696673771475120e-01 -2.207065044327770065e-01 -3.156840840183404717e-01 3.522514682905876406e-03
# Ядро сверток:
-1.550455725789380013e-01 1.451130454917378965e-01 1.206879002183547239e-01 1.083956106680506876e-01
-6.391448079481999722e-02 -1.677602562110382944e-01 -2.639533990090370263e-01 4.588685734494400009e-02
-1.758815031045763144e-01 3.830271770825289801e-01 1.219567367667335166e-02 -1.274001885564038927e-01
1.449872080878392422e-01 -1.490387327169181153e-01 -2.254807867729753945e-01 9.395756998436866070e-02
# Ядро сверток:
-2.448446698554634371e-01 -1.045912458525641436e-01 -5.536233356366830893e-01 -5.600507025332828182e-01
-1.552331143946903136e-01 6.900823145567172405e-03 1.198560057109365612e-01 3.691934213470093318e-01
3.382415393690244576e-01 -3.560564133551261112e-01 2.121995984704115878e-01 2.677585927419730005e-01
-7.940253008385409483e-01 -2.002548547350721519e-01 -1.685456915208992934e-01 -1.173321112057529175e-01
# Ядро сверток:
-2.314776958987241895e-01 3.936113528282737528e-01 2.012038171696883537e-01 1.359882598601268588e-01
-2.415884325343627681e-01 -9.294064693376503927e-02 2.657110619969746956e-01 1.753666866320475193e-01
-2.248000835792423602e-01 2.159363902560094417e-01 1.344333589961045627e-01 2.467046672425047410e-02
8.629561690688811182e-02 1.692670535042024582e-01 -1.247196726356120389e-01 1.928894452075044230e-01
# Ядро сверток:
-1.422272385836740038e-01 1.429455935948160672e-01 1.585564231284202763e-01 1.890186679345031984e-01
-2.785110386929529058e-01 -2.361720709161549692e-01 2.282883973273147071e-01 6.925090802163759093e-03
-3.998722665200970527e-01 -5.873130167997037826e-02 1.680827156121269261e-01 -9.765956061850782077e-02
1.269123386161728484e-01 -1.531039968166785781e-01 -1.552878381019217879e-01 -5.809471682993483377e-02
# Ядро сверток:
-3.765821268181670511e-01 2.563915559984172310e-01 2.511617213403529725e-01 -4.028810469296144614e-01
-2.433034409755645971e-02 3.116531124300115918e-01 2.404448431298885080e-01 -3.113081235502634381e-01
2.439658910559366900e-01 -9.942222043342224813e-02 2.462817450903707350e-01 5.380926592877547515e-02
-2.185363679125021386e-02 4.105456814588300668e-02 1.071870167881208528e-02 -1.500483780957919400e-01
# Ядро сверток:
8.297280020024642988e-02 7.000179393261930783e-02 -4.516558462615378744e-01 -9.601981750265262128e-02
-7.537515579848385510e-04 -2.445076555401592966e-01 -1.763086879675737906e-01 4.361245424991302966e-01
5.001606627295794583e-02 -6.436862162186560155e-02 -3.283586689517221657e-01 1.988422209976724309e-01
6.846092788637085647e-02 7.364031714794769257e-02 -2.262456003204873500e-01 -1.076800311233188923e-01
# Ядро сверток:
3.460978311926329876e-02 2.598949118127746316e-01 -1.880554150436280214e-01 1.870594404349434081e-01
3.947584914293180564e-02 3.018081190414185766e-01 -1.868524885858372231e-01 -5.413860018198358992e-02
-1.239296982117824159e-01 1.793461509775305940e-01 3.422612723116808531e-01 -1.590493986668468918e-01
-2.756888916857611616e-01 1.968191583259466249e-01 2.084312319245335277e-01 3.528388369730739438e-02
# Ядро сверток:
4.600525353338880685e-01 -3.515650420317345537e-01 -1.732609460301972604e-01 2.960265773800693223e-01
-1.509586497669503091e-01 -1.311448587475824712e-01 6.394238667051020675e-02 1.905871919542023174e-01
-5.484641717075385697e-02 -5.988911042071235480e-01 3.299862871737143516e-02 -1.426272457353200407e-02
-1.041006375104403144e-02 2.638098166181502835e-01 1.241996488024689205e-01 -3.369120333634203490e-01
# Ядро сверток:
-2.323421868109744881e-01 -2.490044214599873573e-02 2.467780315681120940e-01 -1.622304753287754850e-02
1.766953933015890932e-01 -1.672104090502222751e-01 -2.584424568616566775e-01 1.722709554426312892e-02
3.813043603869756271e-01 1.116564125509370148e-01 -2.833249377275838810e-01 4.469225121293340236e-02
-1.881089397010400899e-01 7.796754886963154219e-01 -1.873497301631826539e-01 -1.065081697619665452e-01
# Ядро сверток:
1.973423696221589529e-01 -9.903729751328910202e-02 2.256862212686067126e-01 3.619056848196278708e-01
-2.235677528174336709e-02 -2.192588975381381255e-01 9.194899516526226779e-02 5.194771396361416022e-02
2.172294289031916903e-01 -1.870299614298843449e-01 2.554514352980092884e-01 -1.517777566488067442e-01
3.475503863203100591e-02 1.051769160827823318e-01 -1.411885922453762487e-01 1.700143879091652599e-01
# Ядро сверток:
-4.882714035127942720e-02 -3.685998598024591011e-02 -1.872850798261326832e-01 1.028442233184219401e-01
3.104837461783134245e-01 9.688657251172792806e-02 1.557139777042175210e-01 -3.015808697685662954e-01
-1.561861284474974909e-01 -8.969537365405239049e-02 5.067116177461844506e-01 3.704909016355500961e-01
1.199613908184043315e-01 -2.440201269103161805e-02 -5.052748303343210790e-01 -1.918195236936757683e-02
# Ядро сверток:
-2.338619114054057702e-01 1.829709684128721370e-01 -1.786160970192693098e-01 4.052381763986841884e-02
-2.241192972278645973e-02 6.757702561946186959e-02 1.390174853559865420e-01 2.544395345972317868e-01
-1.141285554563372107e-01 -7.279495960902998553e-02 -1.826268406634173197e-02 9.678456688523165430e-02
-1.677634217640409930e-01 2.829626528218942560e-01 4.853639238657206367e-02 -2.202270520340177673e-01
# Ядро сверток:
2.582705755956977156e-01 -9.401422436496158219e-02 2.318300048505843869e-01 -4.585810932457152350e-02
-1.676790864181103846e-01 1.368067076862983407e-02 -4.798500369957612449e-02 -2.358935026026440507e-01
-2.517089311231270887e-01 2.115179229474599409e-01 2.832121959437048364e-01 3.216273179871593224e-01
2.607933692044452356e-01 6.404893216969732156e-03 -5.454664661131106151e-02 -7.777815897623827687e-04
# Ядро сверток:
-2.082376216684920789e-01 -5.619664772162851624e-02 -1.252125426288282391e-02 -2.662488801449370834e-01
-2.539283358208782940e-02 -3.367040967204995572e-01 -6.614527051930035872e-01 1.061425578524327340e-01
2.542865222876114495e-01 -1.092105245397787250e-01 2.309640154896246481e-02 1.194714738452756358e-01
-1.159684865159636424e-01 -3.873838245802652680e-01 3.488506945348564536e-01 1.590188021171939081e-01
# Ядро сверток:
5.521671671815834431e-02 -1.441760733305638975e-01 -3.189412125165674294e-01 1.865378145795723308e-01
-1.747092180076960932e-01 3.374165084788079971e-01 -3.013822317135089746e-01 1.704706113164797254e-01
3.137532887902406142e-01 -3.767280741507708086e-01 -1.813711392227948527e-01 -3.238881834544993787e-01
-2.714736525030823563e-02 -3.049002069574308638e-01 2.035027369309316651e-03 -2.370387258098196337e-01
# Ядро сверток:
1.597326199517700718e-01 -2.147287652014652493e-01 4.841886556877712106e-02 -2.902387554077276999e-01
-1.486608074764807219e-01 -5.465485127610779648e-01 2.321248929625420732e-01 -1.450027312938954593e-01
3.135166049101932861e-01 2.205074124752346432e-01 -1.266318893354534403e-01 -1.512098071942277466e-01
1.834792617044711249e-01 6.946684121571873594e-02 -7.568998111271245388e-02 -1.372887741229732173e-01
# Ядро сверток:
1.021755754491664864e-01 3.319358730041158806e-02 6.679267934594484979e-02 5.500609216692095016e-01
3.379945066946159482e-01 1.013051086939501383e-01 5.234289980560360434e-01 -3.395137835320555797e-01
1.860002614776061214e-01 -3.774265172934393453e-01 2.770933566960488703e-02 6.502138305416638175e-02
-3.454301263789195664e-01 -2.775292960528295549e-01 -7.572138014032661624e-02 -1.854173474881183892e-01
# Ядро сверток:
-1.241952216560514716e-01 -2.393835383162695729e-02 4.568124932191774956e-02 -1.580835050687804874e-02
3.823958262466953945e-02 1.683346718793163055e-01 1.664127870454042979e-01 -3.978277723391254184e-01
2.281449230419567709e-01 2.737376279895574749e-01 -4.016452119568136303e-01 -3.033606328868249102e-01
-3.286831355694134760e-01 1.624319856390074313e-01 1.901222662260002375e-02 -8.805493492997987226e-03
# Ядро сверток:
2.759708608864446799e-01 7.179849211775227169e-02 4.361860174647876898e-01 6.614275410775379005e-02
6.386422819001681683e-02 -1.822458348370607217e-01 -7.282455831276614389e-02 -3.159233941249163236e-01
-5.143232052467990034e-02 -9.999213423449634583e-03 -1.883974553323736201e-01 -8.923894254788793112e-02
3.669593909121263153e-01 6.957212569844769545e-01 -1.996929349824827851e-02 -2.032737108871030332e-02
# Ядро сверток:
3.669879841830198108e-02 6.389978239936490445e-02 1.043369696855705325e-01 -1.048681587186867381e-01
3.570085660826903817e-01 3.734620090725718211e-02 6.791355490494142833e-02 -1.614313211708642837e-01
8.049835726128933278e-01 -1.418830564460551447e-01 -2.716628878349193199e-01 3.963381614807746645e-01
1.715016536537008682e-02 2.767202936251771453e-02 -7.172545380042684438e-02 2.253204925358662514e-01
# Ядро сверток:
3.881531514725156812e-02 4.118690600555792725e-01 -3.868659525122741250e-01 -1.551256439436161649e-01
3.967929637647945595e-01 -8.273502571068164224e-02 5.507359826779711226e-02 -6.217768171961770424e-02
5.255731474990180674e-01 2.462582039818764501e-01 1.463953552244921241e-01 3.576719848047012484e-01
-2.412337791996997660e-02 1.648749829535812450e-01 -1.552776491396322123e-01 -1.742403059364114881e-01
# Ядро сверток:
-3.008252793774515710e-01 -3.510871780225480188e-01 -8.934875684589084488e-02 -1.112215509715192008e-01
-2.052251053028646965e-01 5.454736421231157206e-02 -7.501796480281211488e-02 1.232157485691683652e-01
3.220656196366343260e-01 3.343320160732965451e-01 1.400672929570760950e-01 2.912081626278282820e-01
7.933592491833092730e-02 2.827733713604015930e-01 9.555387814462638907e-02 -9.658806357433616374e-02
# Ядро сверток:
-6.827505514837523513e-03 4.754747201571313253e-02 -2.291574895841375081e-01 1.703953822268538532e-01
3.634589015779634003e-01 1.003581288461354443e-01 8.176143159211261835e-02 1.570703102265327000e-01
-5.265207422583838559e-01 -9.416032017413324129e-02 3.950292988522473986e-02 2.528175337746035312e-01
3.898751063682992513e-01 1.626899478374473629e-01 -3.668516486151525702e-01 -1.468507859776106705e-01
# Ядро сверток:
-2.043823125115783734e-01 -1.758510289189512688e-01 6.168869578402105119e-02 1.286594831785904114e-01
5.709485638156012316e-02 -3.882682781131814326e-03 -2.277884605377146487e-01 2.998598874700816874e-01
-3.306115521151813952e-01 -6.351077428212156262e-01 -2.828271417557038370e-01 5.117048584683488860e-02
-4.148179675199032967e-01 1.054950424554134264e-01 5.324826182453032235e-03 -2.358719518060946319e-02
# Ядро сверток:
-3.493351307847318843e-01 -2.988922970814258395e-01 5.552041170136989140e-02 1.941329178943682066e-01
-1.416671502428539509e-01 -3.692025288639684821e-01 2.437206122541580450e-02 -4.883748870892647836e-02
1.868270592736328839e-01 3.426323775675273143e-04 3.598984178381670757e-02 1.618014141918935889e-01
4.334018927055335868e-02 -4.098338206159908848e-01 -7.656852532162229663e-02 -1.797153037036781642e-01
# Ядро сверток:
-2.801257675959600291e-01 4.001467151636320940e-01 7.540665213524536115e-02 -1.873189633838347745e-01
-3.301588167675860164e-01 -1.592505680724762285e-01 -7.183787454393254779e-02 3.275877823366376007e-01
-4.285250960888638272e-02 5.956139550619257705e-03 9.205403009239681092e-03 1.984428047964525710e-01
-1.530967454762008906e-01 -5.317259106359194416e-03 -1.737012710181800867e-01 1.017087145442397284e-01
# Ядро сверток:
2.613483355522002172e-01 -6.494051337832586202e-02 -3.030238763931900059e-01 3.949593966908240827e-01
-1.960480531251031777e-01 3.977733367444435258e-02 -5.417452894506157302e-01 1.186546956331208796e-01
2.919833064164650827e-01 -1.887131084162188277e-01 2.634515714683840493e-01 1.754469216128894671e-01
-1.118687769076745081e-01 -5.109127941968908404e-01 -1.585468524713139205e-01 -3.409462643897252510e-01
# Ядро сверток:
-4.979164568393635304e-01 -1.423891786402042281e-01 -1.459248254326642735e-01 3.271891409685678820e-01
6.159851466338425174e-01 -1.171066046754921097e-01 -2.782834683480300830e-01 -4.698591062272103325e-01
1.168496081783048368e-01 2.628111857380961980e-01 -2.039463429336084710e-01 -2.501447371078288073e-01
-7.110306960788155273e-01 8.945474715362168941e-03 -2.577608913669142132e-01 -4.225228677750862416e-01
# Ядро сверток:
4.963950420601190988e-02 4.679026382531337180e-02 3.202002816457802381e-01 3.172837264158760370e-03
1.781088172350131157e-02 -2.167248265411205743e-01 -1.717604200044957896e-01 -1.012367183759316919e-03
2.028836756484047321e-01 -1.468829659176055513e-01 2.685078535359265439e-01 2.114305127431578279e-01
1.391705540008473518e-01 1.150162601802527385e-01 3.153065766446924711e-02 -3.173805409486661899e-01
# Ядро сверток:
5.078284571085562860e-01 -2.676094042805460815e-01 -1.487803674586116176e-01 1.385047630072137048e-01
-1.631937153975659693e-01 3.313669901519341043e-01 -1.649465405480389779e-01 -1.057302077552676328e-01
-5.454439584163515986e-02 -2.213176685606091376e-01 2.993225946026214501e-01 2.175102387903354306e-01
-1.973749864891033712e-01 -1.046808757810618051e-01 2.150872451282723197e-01 -1.848921534660740995e-01
# Ядро сверток:
-1.557603221142296601e-01 -2.996699084284965564e-01 2.464947714575095039e-01 -4.691217706052931424e-01
2.515020472452025313e-01 -3.316402503585814121e-01 -1.481342953837406218e-01 -3.465024580623437545e-01
2.069077021861072951e-01 4.601746848012404079e-01 -2.097460482350190225e-01 -1.488500306642558113e-01
-2.999021833477008570e-01 2.313589639972139095e-02 4.990382246193175164e-01 -9.171550121487123675e-02
# Ядро сверток:
-1.703869730398816229e-01 -1.496123069474023515e-01 1.049457294856796508e-01 2.799117111684485959e-01
-3.566754069456985476e-01 9.320973612757202376e-02 -9.541803909083852731e-02 1.213118074329619794e-01
5.799034686637065672e-01 -3.987831448703398063e-02 5.375271015096008131e-01 3.219336690113928090e-01
1.529317286340964310e-01 -3.254757153559500460e-01 2.336946775512966368e-01 2.822649996232745595e-01
# Ядро сверток:
-2.871906740773930711e-01 1.094085271291314193e-01 2.883224358395955478e-01 2.130930296943902569e-01
-3.710106685893439504e-01 -3.819129077960634749e-02 -1.317884372965445194e-01 8.107323791988899075e-02
-1.399746411436277593e-01 -1.773405894277045314e-01 4.525504878132967090e-01 6.835137144774594553e-02
3.758125035973369221e-01 -4.653326913023277805e-02 5.690185246639738459e-01 -8.797584562779138528e-02
# Ядро сверток:
1.764710675873823742e-01 1.385645101856189110e-01 2.122504577018099192e-01 2.314938551814016976e-01
-1.620724397483245538e-01 -2.087601683016885312e-01 -2.927239249156338152e-01 1.651739715319163471e-01
-2.936749828607245205e-01 -1.329395519223443567e-01 2.346631153183282581e-01 -4.925847504651287845e-01
4.804684194812415543e-02 1.686573661355792175e-01 -1.333251557364785456e-01 3.659746814310819718e-01
# Ядро сверток:
-2.688662151900810260e-01 1.988054066529127417e-01 1.962163909809814810e-01 6.097849941075111913e-01
-4.674350674819167106e-01 -2.315552234913009072e-02 2.849573793365303143e-01 2.804195298987400276e-01
1.496965860834599711e-02 1.392397731319337251e-01 5.186495788207298209e-03 1.546069076389754438e-01
4.544968068484783186e-01 -2.643321615569649632e-02 -2.045761193617799678e-01 -2.503121993905270126e-01
# Ядро сверток:
-2.161274797559072369e-01 1.820472783002188844e-01 1.386245180155765977e-01 -4.665238623816506114e-02
-5.872783030871823670e-03 -2.183562209773823870e-01 2.378175070809365743e-01 1.568976603300840100e-01
-7.096765299100717128e-02 -3.685773662143119189e-01 -2.776986789259568433e-01 2.429808597327831887e-01
-1.570430635219209892e-01 -6.528291594859667035e-02 2.854287906640244343e-01 3.658352330766099780e-01
# Ядро сверток:
4.756523260030673939e-01 -1.728145262922533565e-01 8.640296026479249436e-02 2.805010840844043840e-01
-1.750637308639414469e-01 4.345641547990462122e-02 -1.005480314954842053e-01 4.467831684773528322e-01
-2.003354034450865739e-01 1.887387456846319547e-02 1.681773348180881922e-01 -1.481226836592036515e-03
2.213315237928840939e-01 -1.086803654753458609e-01 3.391854270345772138e-01 1.207068864166478267e-01
# Ядро сверток:
3.123412820767377807e-01 -2.757771411780666204e-01 5.606988345909036386e-02 6.119531954439900306e-02
2.626890528808159542e-02 1.394194794123686763e-02 1.461395090221254307e-02 -3.562486398381390917e-01
1.468005735488815966e-01 4.156460123117883265e-01 -3.226794099299227225e-01 2.822937916249365076e-01
-2.049387239922568771e-01 -1.633093170523945425e-01 -3.297278352646960120e-01 1.111015588468964449e-01
# Ядро сверток:
-1.296787428332357162e-01 -2.782448525162127262e-01 -1.981561408254859380e-01 9.055478343206324610e-02
9.987755508757709122e-02 1.717769858129638283e-01 1.206065521513960820e-01 -3.042124836165878143e-01
-9.928226133272803622e-02 3.743820959678021976e-01 3.856877149502053737e-01 -1.816582309271351503e-01
2.590798168465100471e-01 1.143770163598347295e-01 3.317831295997187291e-01 -2.768644053263928373e-01
# Ядро сверток:
2.163199905076179930e-01 -3.398611437408798897e-01 -2.044353150262871732e-02 -1.780080722428777906e-01
1.824880798252927205e-01 -7.985379405421303214e-03 -1.229295529687686461e-01 8.874355025220105955e-03
-3.224653741538753837e-01 -1.516172790539297432e-01 5.393686916998789715e-02 -6.406121703198901229e-02
9.939638133814419907e-02 3.500291860163906588e-01 1.360135106709295105e-01 -5.946279163007042179e-01
# Ядро сверток:
2.152884600298248796e-01 4.579769487267665862e-01 1.048620548214997672e-01 -9.244357842291872629e-02
3.014065904435203613e-01 1.594572812103403070e-01 4.884898694631726879e-01 -5.681811544529629110e-01
3.239749861870691583e-01 2.616336334850646872e-02 1.345092614395742014e-01 -5.128338031913469708e-01
-2.382329278922301341e-01 -4.186037242794115598e-01 3.808026600620866287e-01 -2.299531593580787792e-01
# Ядро сверток:
4.320108502401251993e-01 1.193667075309010339e-01 -1.641664351488339446e-01 -2.743676453010877631e-04
-6.954065899963512987e-02 -2.548563907079070545e-01 -9.377661758840494244e-02 3.908612580227787368e-03
-2.335824470879364900e-01 2.375971035617634869e-02 -4.176553586197561119e-01 -1.068861928886955387e-01
2.726611288217636320e-01 1.046584624821283033e-01 -2.000982131711810386e-01 3.885054680519288151e-01
# Ядро сверток:
3.974764689311175991e-01 1.288894066762192037e-01 2.653901632722703297e-01 -2.244173525850188811e-01
2.395484533739380140e-01 1.959428566858226750e-01 3.225582019354254065e-02 -2.045424835334444802e-01
3.882337031985844122e-01 -2.856511060915093991e-01 7.964063746868221827e-02 1.186855289911681044e-01
-3.135894931346839831e-01 5.617288579237128543e-01 -1.522291013833307338e-01 2.608733776028545615e-01
# Ядро сверток:
7.897474058288304899e-02 -1.356670070405571749e-01 1.893135555479105725e-01 8.381090600205581831e-02
1.026971090560733768e-01 -1.723147230466460789e-01 2.548868937945935609e-01 2.435088601128929386e-01
-4.654771671583718406e-01 4.427287573943478050e-01 -1.000301473152377801e-01 -2.996645566072842493e-01
9.239260625647580105e-02 -1.936787094454202329e-01 -5.564800764090871432e-02 -3.292625466435935566e-01
# Ядро сверток:
-4.227815986387085112e-01 -6.946730440379943368e-03 2.116611868702740484e-01 -3.042113604920818615e-01
4.936321572116167955e-01 5.561252840449305151e-02 1.744392871042766135e-01 -5.335767687789921138e-02
-4.323620040477100246e-01 -1.871825185853988327e-01 4.096831668279722338e-01 -8.354189935940857514e-02
3.258051201877791847e-01 -3.246048597120779200e-02 6.869966397965745347e-03 9.637758518208337788e-02
# Ядро сверток:
2.202246119171469008e-01 1.714132721190085020e-03 6.098911240426185126e-02 2.147299501393542531e-01
-1.578960774582675863e-01 2.578455129845250333e-03 -7.652662642323464215e-02 -2.744170281724844229e-01
4.040890334917301985e-02 -3.757770688602921766e-02 -2.669202654554493348e-01 8.134934309142891062e-02
1.860578680977038601e-01 -3.553411867722154338e-01 1.815288420502418620e-01 -2.126379908777410455e-01
# Ядро сверток:
-1.212598264427574013e-01 2.649352602663443967e-01 -9.411470431056657981e-02 -5.590754658275230715e-02
3.010608749431067377e-01 -8.303666964363673464e-02 -1.361538038711840315e-01 -5.249317486255196119e-01
-3.755719488216546775e-01 -2.100228984819522970e-01 4.879186737405319385e-02 5.315679872255322236e-01
7.429980732574799351e-02 7.582023820190597618e-02 5.941216737266027947e-02 -2.325993602967427742e-01
# Ядро сверток:
-1.850109362198819676e-02 3.479646230684167452e-01 -1.741330719502118263e-01 3.679248056743222861e-01
-3.137701770010117297e-01 4.410995866698999568e-01 3.479412289085418442e-01 2.980384063934254368e-01
3.672476500836981961e-01 3.281760279527508040e-01 -1.299414706698645838e-01 1.028017755379199288e-02
1.717868126972986464e-01 -1.573325501211534083e-01 -1.390899669615657808e-01 1.649717800619203423e-01
# Ядро сверток:
2.271954054003892387e-01 1.648429571975577324e-01 -2.917503427877037314e-01 -7.350908348930773606e-01
3.590292125771863962e-01 8.359657259619276970e-02 -1.802105225689778489e-01 -2.488953222145779687e-01
-1.746587331712692592e-01 1.858356909769021126e-02 1.547378103677581919e-02 2.402984632865523898e-02
1.243414653224023392e-01 -9.054894897198099979e-02 -7.322589703011540829e-02 2.725477313253696909e-01
# Ядро сверток:
2.668315432181013191e-01 -6.966829986569908484e-02 2.290624117878738847e-02 -9.900190881702804202e-03
4.717114498203806017e-01 -3.036792753526371125e-01 -3.263443030691967062e-01 -2.191060959120791907e-01
1.184638906063703728e-01 -6.112529208846340795e-02 -4.293991611509936357e-01 2.056440761029006692e-01
3.838330386830137581e-02 -3.079474807478385645e-01 5.550627985415411414e-02 -8.088033511051299917e-02
# Ядро сверток:
2.912813457257103500e-01 -2.052963131464150548e-01 -3.228724657336572434e-01 5.289626433411810658e-02
3.784930723728940211e-02 2.944127708823660039e-01 -1.769529654776182404e-01 5.109537571489364272e-02
-2.065514109280938149e-01 2.031189042250276244e-01 -3.710976139514771122e-02 1.435000666531557056e-01
-7.749403755549845452e-02 2.375059662578549446e-01 -1.603803633797877201e-02 -3.046464369659652727e-01
# Ядро сверток:
-2.942875253295388835e-02 2.604349030138484733e-01 -2.330480172713493905e-03 -6.882873063443277484e-02
3.443275895815716692e-01 -2.051243872731328410e-01 1.957197344480934575e-01 -5.170759987347163522e-02
1.689227252254611733e-01 -2.768191680151346409e-03 -2.013017610335966767e-01 -8.609770566983809825e-03
1.132562006262988058e-01 -6.186905757206662831e-02 2.446479549624530070e-01 4.772541668425268058e-01
# Ядро сверток:
5.098630324816948341e-03 -2.387190406174629076e-01 1.400415371076593751e-01 -2.311537496623371490e-01
1.216361084047968694e-01 -5.313910302784447676e-02 -2.736345340608153064e-03 1.760774579006818552e-01
-2.199325249948149708e-01 6.851328483384376555e-02 4.401192083056260085e-01 -1.459453075610792072e-01
3.101135533211695772e-01 5.628641354814399866e-01 -2.074454109375661603e-01 -1.390707630553650043e-01
# Ядро сверток:
3.993102124066153502e-01 -9.317736505410546821e-02 6.139776335072872487e-02 1.197783583999704887e-01
3.242241553892567796e-02 2.902237215080963884e-01 9.413108335291318907e-03 1.745759285148000550e-01
-4.565687208188701218e-01 -1.489521898238015118e-01 -3.348241695947892782e-02 2.916993416379924375e-01
-2.853359547482651193e-01 2.632797049532683009e-01 1.199110290006010771e-01 2.095310414623134943e-01
# Ядро сверток:
-1.745481740462735409e-01 -5.724144162274543562e-02 1.422921712265826644e-01 -1.690435731030872080e-01
-2.789569203214999904e-01 1.293866281792875050e-01 -5.794305221607510409e-02 7.051292630661397387e-02
3.998335728715591841e-01 -8.163523835596142586e-02 -5.161650651953874069e-01 3.216104878811967271e-01
1.267164513067819687e-01 -2.452059888317839886e-01 4.199367158312946602e-01 -1.591324301282177889e-01
# Ядро сверток:
-3.126818033698752219e-01 -1.650997127162015521e-01 1.944990137642907124e-01 -5.519655568927733791e-01
1.565029693499064714e-03 -2.467533532455812861e-01 4.394156792007368473e-02 -7.172652416509325835e-02
4.466815422751945278e-03 -5.820179440457478627e-03 2.027248052783001218e-03 -4.772470197776932377e-01
-4.282660588616082342e-01 2.286849212963423250e-01 -1.022415922617546380e-01 3.744537599062931765e-02
# Ядро сверток:
4.939100891779648478e-02 -1.067643232680687004e-01 3.404240484824982288e-02 -5.366008744750919157e-02
1.329280786983793317e-01 2.863190118921479788e-01 1.284910210388826024e-02 -8.728878168780687674e-02
3.655615270213887213e-01 -3.843773206703103296e-01 2.225840702535029636e-01 -1.513160357378758383e-02
-9.520885337314755753e-03 1.058223514595257597e-01 9.905762857306701918e-02 4.098001968588118465e-02
# Ядро сверток:
-7.416700821462345050e-02 -1.622900284103911961e-01 3.438255827362983463e-02 -1.510116262363910521e-02
-1.551931374902138228e-01 -2.928004363783977271e-02 -2.799915989371133396e-01 -5.765766941864691741e-02
1.581756353994957787e-01 -2.144486251483004868e-01 3.658376003695802681e-02 5.951637569432990382e-01
-5.232774193728978451e-01 -1.638737260227709214e-01 -3.042515849505063597e-01 -3.109524038733811335e-01
# Ядро сверток:
-1.092639109628555094e-01 -1.759920485700328385e-01 -5.172554203681819507e-01 -9.259476534289771965e-02
-3.840904169896305342e-01 9.422148354658554936e-02 -2.855281386127849763e-01 1.566872575822416680e-01
-2.981685858734893224e-01 2.344038341913162043e-02 -1.777369328730424580e-01 -3.324468439247297846e-01
-1.182947811991926770e-03 -1.615839259559994912e-01 1.220294415092596819e-02 -7.106048805984470640e-01
# Ядро сверток:
6.788876413191687054e-02 2.619641928277919307e-01 -1.531528586517068302e-01 -2.718583148713641373e-01
-3.738234962999187894e-01 -1.278664333313619395e-01 -1.982359081105529094e-02 5.676267358985231937e-01
6.989722820839987250e-02 1.256296440952373861e-01 -1.166913735804622071e-01 2.413606731533208746e-02
1.331242789206445454e-01 -1.511807920584260778e-01 2.806030885923098128e-01 -1.236485598986694079e-01
# Ядро сверток:
-2.759178160885565265e-02 2.144975675315988484e-01 -1.573187111485439826e-01 3.243747984062995693e-01
-2.877732243989148953e-01 -7.630560610765597593e-03 -2.023839715292375940e-01 3.183838870336989924e-02
-1.103508801667532763e-01 -3.230010497129750524e-01 -3.600832760617203587e-01 -5.365178586838598163e-02
3.007830516239454535e-02 2.785034024190835567e-01 -2.431738644320169396e-01 2.835578267569328625e-01
# Ядро сверток:
-4.256061839140869996e-01 1.922830270448068757e-01 2.131923678196869787e-01 1.316028068019772512e-01
2.711397036066051092e-01 -5.480972293540397472e-02 1.330779597470980458e-01 1.081188772736462432e-02
-3.483069278903345306e-02 -1.055694760097845852e-01 -2.856290128965415787e-01 2.427640726123037884e-01
-2.699177818727581668e-01 -2.873063077043203073e-01 1.190308985513610363e-01 -1.000412502669487669e-01
# Ядро сверток:
-9.956440328570610732e-02 2.745201069984445907e-01 6.825291643260056329e-02 -2.109060800751657583e-01
9.939791872249141569e-02 5.630614910733201528e-01 2.037349287709696866e-01 4.193848322643843884e-01
-1.697853877658100086e-01 -4.331334657823889822e-01 -3.567006982028405812e-03 9.006671980696608071e-02
1.832865668445802509e-01 1.126018348325946716e-01 -2.406191163852845760e-01 1.215092658654930852e-01
# Ядро сверток:
1.086477566012991752e-01 -8.643518250838214123e-02 8.628237912558331391e-02 2.941738742114043959e-01
2.177135459237802828e-01 -9.659294202469331792e-02 1.893828882519882628e-01 6.674352033444945487e-02
3.076340062344647408e-01 1.662919010182619672e-01 4.232329437240308634e-01 -9.433348987304251976e-02
8.895357879591188344e-02 -2.853189779827186232e-02 -7.678633843998884656e-02 -7.961674031670795681e-02
# Ядро сверток:
-1.074546451419542276e-01 5.588131585145632990e-02 -1.276447165010382578e-01 2.984052152203576780e-01
1.088427356959346115e-01 -2.892684531665984937e-01 -4.683965784717079583e-01 9.430680464122614959e-02
2.367501421917439786e-01 -3.460460050112828534e-01 -1.451168036651699633e-01 -3.281789097618712514e-01
3.698285303655416412e-01 1.187130299538852185e-02 3.609529765626180442e-01 1.175238092801654533e-01
# Ядро сверток:
-3.774246113325307461e-01 -2.410111401654633501e-01 -1.879951343813310027e-01 3.164231609158479341e-01
-3.894615452766426733e-01 3.641759403597233935e-01 9.217311443302557417e-02 -4.043574645606608509e-01
1.810139081905935005e-02 9.051106552811767625e-02 4.923112065719442709e-01 2.632498886136903082e-01
-4.378085700664764435e-01 -3.207019420347339000e-01 -5.294448706708826391e-01 -8.580856251764569032e-04
# Ядро сверток:
1.941523868833711364e-01 -9.597057143146711655e-02 -1.384271613822828650e-01 2.475632502064336604e-01
1.555376438239312875e-01 -1.790667904364720564e-01 -1.521443669533061038e-01 3.356848523562208642e-01
-1.098178912974099725e-01 4.122352760013287543e-01 -2.390238180377211030e-01 -1.459248547383028838e-01
2.242939237232089988e-01 -4.107843286441814068e-01 3.533430758840957475e-01 -2.524237580815759663e-01
# Ядро сверток:
-2.167404227800763805e-01 2.699427261019086144e-01 -1.983047885822049675e-02 2.029174976632564659e-02
1.717085137957011232e-02 2.524477219301005104e-01 9.964515990667165146e-02 -3.999288712786282507e-01
9.605343394587502470e-02 6.714331732004538700e-02 -1.599012298610065150e-02 2.227447461019123054e-01
-1.346199606535282145e-01 -3.835051835860495695e-01 2.001687309956234340e-01 -6.646342554075759801e-02
# Ядро сверток:
-4.748694916168257341e-01 2.711965390894200967e-01 1.365150611647609202e-01 -5.604961364921698941e-01
4.971499465742835189e-01 2.014514212858309339e-01 2.701751666839383725e-01 -5.444074297571114412e-02
5.812521076249386326e-02 1.268095783823762757e-01 1.408662315659442998e-01 1.562231378575938134e-01
1.026280379668091380e-01 -1.913133192646654726e-02 1.610809343553326889e-01 3.642563432722697447e-01
# Ядро сверток:
-3.364462342791451621e-01 2.917845197436947924e-01 -3.990925273144155794e-01 -2.005507468376079294e-01
-7.930574162214132361e-02 -2.306785829769457119e-01 5.757291702751907853e-02 -4.742449979132218885e-01
2.491633423261857272e-01 3.345191274276374666e-02 3.756682659176960870e-01 -4.061175709377844167e-02
-6.521423692126776528e-02 -3.070205904065640423e-01 6.834937268623007822e-02 -3.885166423748803166e-01
# Ядро сверток:
-4.630047683810559894e-02 1.079136924694839850e-01 7.095688860535727394e-02 -1.923004337315705192e-01
1.228743258614251876e-01 3.558071138275257783e-01 -9.075553678971244598e-02 1.739085462012364691e-01
3.252777540061944639e-01 -4.781795661503405181e-01 1.038234995170410901e-01 1.007230236557864617e-01
-1.196968304419527424e-02 -1.399374406461134923e-01 -3.321382323604448183e-01 -1.817000085694335521e-01
# Ядро сверток:
-2.996728782274981628e-01 1.749711587926924827e-01 1.067492776892215722e-01 3.622346088219109694e-02
2.182448472334679590e-01 4.052686821238656312e-01 1.025243475209657307e-01 -1.727025765201963825e-01
1.533143749194083583e-01 -2.443598368174264013e-01 -3.241023916911816571e-01 -5.417622448104959104e-02
-3.703863180807819844e-01 1.634551677299750649e-01 -1.853115916134149277e-01 4.644926906759289653e-01
# Ядро сверток:
2.205116157253720066e-01 -1.315849372625389202e-01 -2.281935923537203870e-01 4.526665988813091124e-01
-2.537889357928530681e-02 2.303641859977788031e-01 -1.982394202352644463e-01 -3.674325683115155505e-01
1.830039002339230864e-02 5.315793056844154985e-02 4.716566204248844318e-01 3.363910380888793933e-02
5.214780383640726935e-01 6.236151515819946672e-02 -2.589222015299621482e-01 -7.369307006133815618e-02
# Ядро сверток:
4.936769554019169171e-01 1.545228073766609644e-01 1.508658250462318606e-01 -3.079071500054488819e-01
-1.723865369028888539e-01 -2.249666117507148899e-01 -1.133622316184818013e-02 1.877439689882423879e-01
2.062292194784870192e-01 -1.738670372931231389e-01 4.335901194989760787e-02 4.656724172464108968e-01
1.855887343970731018e-01 -2.693814440549812672e-01 -3.188708536858492759e-01 5.151655096254246537e-03
# Ядро сверток:
2.289848419453083261e-01 6.533707360398728625e-02 -4.796501789209387523e-01 9.162612013984673676e-02
-2.183376509150979361e-01 9.028721595225391514e-03 5.228579662599111000e-01 4.000025922287036018e-01
6.884524226677497805e-02 7.521535524327910283e-02 -3.705868686059420880e-01 -2.912219264655952489e-01
1.710850180413291122e-01 3.509310286461142514e-01 -2.577871127978239030e-01 1.246079872530553995e-01
# Ядро сверток:
1.631200116003746203e-01 2.740597588627117775e-01 3.493536270551463319e-01 -3.403754830896529304e-01
-2.989479392439037819e-01 4.290722377519672337e-01 -2.003796062564435487e-01 6.854592922531306531e-02
2.912890943417672379e-02 -2.517632864969956974e-01 8.306451202204176432e-02 -3.576444697895391767e-01
6.389846596427453673e-02 2.025290210558458315e-01 2.051214765195594480e-01 1.504525666812365214e-01
# Ядро сверток:
4.122951378566485497e-02 -5.821199929465280341e-04 -1.640302903641333021e-01 7.465388610829548632e-02
8.252482671437319506e-02 1.720508723963605213e-01 -1.003167316384761670e-01 -1.044159545085100588e-01
4.041499690065942785e-01 -1.952108429634480391e-02 -5.787663149466854007e-01 -5.491757861614315894e-01
2.648535001931925370e-01 2.321228172390031874e-01 -7.116899694478791283e-02 2.987646433896767317e-01
# Ядро сверток:
2.509846335687304086e-01 -1.861074990843082089e-01 5.875059561470800107e-01 1.861264360061150591e-01
1.275852011658349661e-01 2.578832252641903855e-01 5.102340327241573770e-02 -5.654058327879126628e-03
2.408666570948042596e-02 1.897741925889311898e-01 9.469261099215685318e-02 -1.689556346587436364e-01
1.205601629442758643e-01 1.789715302159305618e-02 3.626592411443442243e-01 -1.551053061433394498e-01
# Ядро сверток:
-5.159840156342709178e-02 -9.456589346535319851e-02 3.053436070072549358e-01 -1.647914089248907754e-01
2.948900084250929976e-01 -3.224557593283384205e-01 -1.176143413318916225e-01 2.476544884750008294e-02
3.169267230160406901e-01 3.393810194997751162e-02 2.191240601665139232e-01 -1.374601444558859742e-01
-1.218260909021086635e-01 -1.493342812971248934e-01 -5.414885709477827991e-01 -2.610049201193233581e-01
# Ядро сверток:
-6.617626841913314129e-02 1.098878554682323622e-01 1.558033694291207673e-02 1.155273966348656506e-01
-3.696119044084800187e-01 1.464805048953023991e-01 2.179779238708491329e-01 3.978340271817058793e-02
-4.929938276860245661e-01 5.468170275031860594e-01 1.044548352663972335e-01 -5.238727509424093154e-02
1.862054464445006552e-01 1.476205698492632223e-01 1.854918697929945903e-01 1.580601009067283125e-01
# Ядро сверток:
9.169937786962384374e-02 -2.860121718988453687e-01 2.850125857062797349e-02 1.076872248541837218e-01
-2.999532776164169356e-01 -2.602723010348482191e-01 1.807248700696574839e-01 -3.245731835987544778e-01
3.628061630897813639e-01 -3.055292849724982052e-01 -4.027907519249563362e-01 1.740553366049081008e-01
1.204012414478760999e-02 1.065020499187091935e-01 -7.065705537332386821e-02 -1.045658988687490770e-01
# Ядро сверток:
-3.035291198010591773e-01 4.247644470985040277e-01 4.696627992579619632e-02 -2.467162094504908310e-01
-5.248811019876772344e-01 7.801622500510198288e-02 -1.349729141011555278e-01 9.566468806817025883e-02
2.258993377863928176e-01 -2.798032836028616077e-01 -8.454916753510288707e-02 1.553348883281299164e-01
2.039858721583397150e-01 -4.986458048384387887e-01 1.960673627173014633e-01 -1.279434401004176936e-01
# Ядро сверток:
3.855966904387051475e-01 2.099234638296660627e-01 3.417230817926626418e-01 -5.854706744092295079e-01
1.213924865490256660e-01 1.370629147916928000e-03 -1.116406445981001638e-01 -4.573933012233788453e-02
1.676426409071543888e-01 -2.659990931790512936e-01 -5.866371515229519273e-01 -2.472812943113842088e-01
5.269841920384311235e-02 -1.222738402704526689e-01 -2.238953147077535621e-01 -1.189584523283678530e-01
# Ядро сверток:
1.950948353815349923e-01 -8.984580125275754003e-02 1.137860450841357285e-01 -1.270483564876729310e-01
-2.390712652564664642e-01 -3.648501020858783694e-01 -1.696450423395328422e-01 -1.072889348306413221e-01
-2.525633096764983154e-01 2.868990888117443627e-01 4.306303816544359009e-01 -1.998388817617342827e-01
2.439243971100775732e-01 -1.333373399221658151e-01 -3.809819685348128648e-01 -1.718126113372182295e-01
# Ядро сверток:
1.427536654470499544e-01 1.125016403836602286e-01 3.531702123757305967e-01 1.963832479283631749e-01
-2.850992820396546779e-01 9.085091640306653185e-03 -9.560712482073159546e-02 -2.829803971268546325e-02
-1.521908639501330929e-01 -4.168139959903814640e-02 2.915042453232006281e-01 -2.322256205019859465e-01
-1.765645032444005669e-01 3.713690799172189583e-01 -3.461617955724350937e-01 2.065651317157946726e-02
# Ядро сверток:
1.903216141035444786e-01 -1.948366893813422707e-01 4.305761080419047426e-02 4.928335076845065665e-01
-4.701498007967952475e-02 2.146483256603649858e-01 1.879515119534408418e-02 -3.634016796745357381e-01
-2.651397475912674606e-01 3.060486591390146893e-01 1.955142470339884253e-01 -2.412984947682239589e-01
-2.255782919848695403e-02 -1.164617755833908868e-03 -3.458737445970379992e-02 2.471956593362596433e-01
# Ядро сверток:
1.797890768139491224e-01 -9.065692859564998540e-02 3.043056947305693427e-01 -1.050347928892908234e-01
-9.679405191770626415e-02 2.448879112558587090e-01 -8.034505554751599637e-03 3.505762242730027511e-02
-1.593718879279881206e-01 -3.552291431765148416e-02 -5.468487826413964692e-01 2.795970372296862120e-04
2.202332247870233406e-01 -1.524635499218350738e-02 -1.949005880188708073e-01 -1.552247343330316887e-01
# Ядро сверток:
2.527765989243601144e-02 4.364006637018462698e-01 -3.606346574002789462e-01 -1.999499822613811928e-01
9.606354795326244034e-02 -1.619499252500007924e-01 -2.015798253521995653e-01 -7.697867406384065192e-02
1.274597920555544106e-01 9.562059137970859921e-03 1.052138907187984661e-03 3.424618614455942484e-02
1.259766852410361682e-01 -3.291690414328630743e-01 -3.876678663239724876e-01 -8.263326688418880239e-02
# Ядро сверток:
-3.004056196636298304e-01 -2.473405758689029565e-01 -1.152295971886554693e-01 1.074900913569017298e-02
-8.039333997371204965e-02 2.472355118758775075e-02 1.641734629968704118e-01 -6.616348356724709168e-02
-8.888610611995144406e-02 -4.157121973408947069e-01 -1.052225795770199146e-01 -2.304401447052719931e-01
1.355203040386354085e-01 7.266125875260567857e-02 2.422207872514234583e-01 -2.209647457742451304e-01
# Ядро сверток:
-6.953963823642218302e-03 5.532087593068959475e-01 3.872653885030284959e-01 -1.439363322842933113e-01
3.858212438723353510e-01 1.574743396178608368e-01 3.177281028255753426e-01 4.793690279778006769e-02
2.771983444356790338e-01 -9.630353430789506675e-02 2.245795043820328629e-01 9.262456136143308594e-02
-2.017930833618233055e-01 -9.738825213441681949e-02 1.301466928312206006e-01 -4.869599829450819151e-01
# Ядро сверток:
3.750744410201763135e-02 2.921751302728561872e-01 1.233739301228552049e-01 -1.609227555776438223e-01
4.882228814736480627e-01 -1.344646853716737478e-01 -5.076678934460213122e-02 -4.396800604480365776e-02
-5.965972802361756838e-02 -6.778686680318539715e-01 2.895184731516489141e-01 3.754342042584438849e-02
2.490073420840018814e-01 5.307257761961753362e-02 2.344309403756631160e-01 3.898595544299786053e-01
# Ядро сверток:
6.396970657148230710e-02 -1.506132495559330819e-01 6.359503158094988173e-02 -2.728349546605784437e-01
5.606070403054631557e-01 1.707426150356638750e-01 4.162471950400448151e-01 5.819062532220535544e-02
-4.683603043861764986e-02 -3.172791357073587171e-02 -3.499291793980767173e-01 -1.332240423980233721e-02
4.293926628774610843e-01 -1.341466042191108432e-01 -1.586994127255689224e-01 -2.588519014543174193e-02
# Ядро сверток:
7.034431147172119647e-02 4.083014932367556860e-01 -7.313196194203535061e-01 -7.693267424645976182e-02
-1.728490095106252344e-01 1.332412688703702164e-01 4.258877535206105902e-01 -3.101995639747561970e-02
-1.906152392577458443e-01 -4.110656005557579151e-01 3.690360533205072069e-01 -2.819967121577848235e-01
-3.194791356074671573e-01 4.598524336962821479e-01 -9.304586093412869907e-02 3.799683759964372909e-01
# Ядро сверток:
2.097270764613135552e-01 1.160807440444058952e-01 1.489146665287382001e-02 1.259938525360062289e-01
9.708683538405242786e-01 -3.955225535327787645e-01 1.340762766666107331e-01 -2.459263375382119698e-01
-1.395232314090360526e-01 -2.366807494849679505e-01 1.262545880833859380e-01 -5.861074516263833911e-02
1.650638416142725939e-01 1.677307156365461793e-01 -1.920135663211114119e-01 -7.961767967645867750e-02
# Ядро сверток:
-1.145094049142112713e-01 -1.813049464309934578e-01 -2.359281406289622240e-01 -8.204537357013484689e-02
4.486793504476727090e-01 5.340094822862917479e-01 -7.832705255203284422e-02 -1.673369614781516357e-01
-1.563247244959250215e-01 3.557966181659327209e-01 2.893092119636658105e-02 1.456551186653970431e-01
-3.995301348867873886e-02 3.512925475143617304e-01 1.890539526722993247e-01 -2.530005510243625300e-01
# Ядро сверток:
-1.572471149228787668e-01 1.698677362061591367e-01 -8.804961860280788311e-02 3.276232049033174221e-01
-5.118587103036178511e-03 3.989389106360635706e-01 2.709073010484278621e-01 8.779741506993544997e-02
1.897398958169769501e-01 -1.122536220348781116e-01 -6.624328494812306012e-01 -1.578149552722081170e-02
-2.659729341556719695e-01 -5.211744151162416711e-02 -3.970792408576219179e-01 -9.862164139599416748e-03
# Ядро сверток:
-1.357000188889035536e-02 -1.568416153107648203e-01 1.224911895452729799e-01 -1.820851314757932493e-01
-4.654678300995431645e-02 1.083767347216921251e-01 1.203917904339427414e-01 1.310563897026477409e-01
5.195253264016743699e-01 -2.305808178697163480e-01 -3.594712398451334057e-01 -9.940498359070427947e-02
-1.235207617708709710e-01 6.135749208927026091e-03 8.189273633011423525e-02 -6.963870272793699912e-02
# Ядро сверток:
-1.427658779798487709e-01 2.380518649649119300e-01 1.979969652164683541e-02 -1.438701771931387152e-01
1.458751410829882411e-01 3.048445036116368967e-01 -1.350232546451395899e-01 5.087758431648472524e-01
-4.187792210813711669e-01 3.301969142451580130e-01 1.031102035861341387e-01 -2.637374552432554878e-02
-2.611344649813036045e-01 4.210642034809957690e-01 2.647825287088756974e-01 -7.632864668970802402e-01
# Ядро сверток:
-2.101837232122899871e-02 2.097684113729145483e-01 3.166584123454635469e-01 -5.749196537609577856e-02
2.205572628317055695e-01 -2.693261637512482376e-01 2.375089338564951857e-01 -1.769342934190736571e-01
-2.360731509720173996e-02 5.098367035795114965e-02 3.278246260215307850e-01 4.114021414017748901e-01
5.148977222628640243e-02 1.549317375437573620e-02 1.828753856636815278e-01 -1.667833363623789367e-01
# Ядро сверток:
4.403621201511658811e-01 1.124646329742836764e-01 2.123728516669066702e-01 1.732295517041926997e-02
2.369034618397263675e-02 3.079059667970558967e-01 3.355005203554037863e-01 1.197515194941081579e-01
-9.966058761545629197e-02 2.336452493292405161e-02 -5.291677798361732465e-01 3.775441621260387515e-01
-2.654486419782322026e-01 9.828278470857905458e-02 -3.919289785635570733e-01 -3.986826617685976792e-01
# Ядро сверток:
-7.390639521674524648e-02 -8.173616249568259329e-02 2.244039340371125624e-01 -1.595056337757001508e-01
-5.595395739350342290e-02 -3.394165611321288134e-01 -4.533392473086399199e-02 -9.269498269779712085e-02
-1.469514536180449582e-01 -1.554807340296074369e-01 1.550809368460243365e-01 1.613523759530370028e-01
3.447921744047208192e-01 -2.131083862519833963e-02 3.112616796021898669e-01 1.308443248094920408e-01
# Ядро сверток:
-3.252806276904472715e-02 2.069233697484811341e-01 -8.533099094560381292e-02 -8.223808474556351666e-02
3.329072527988385932e-01 2.043354240603403593e-01 -1.125198747155460241e-02 -2.620453940582905816e-01
-3.495049472038883609e-01 -1.182316045596486648e-01 2.576625116796421588e-01 3.016608728978637521e-01
1.558400263711752776e-01 2.748581330651184151e-02 -7.011757804941133321e-01 -7.105343552872599167e-02
# Ядро сверток:
-2.108711923022864310e-02 -3.879481702585572678e-01 1.034265956783326917e-01 -5.056606725455551482e-02
2.978767081201972866e-01 -1.577314419302151272e-01 -1.087816209073486501e-01 -3.637273366130247543e-01
-1.710115316820631226e-01 2.073045252215251488e-01 -2.395009167184299348e-01 -8.145721653180381175e-03
-5.713213910244899912e-02 3.847486228283959059e-02 1.014573688143163843e-01 2.345072904783445933e-01
# Ядро сверток:
-3.924865108160286997e-01 9.917622747386103943e-02 -2.038772394558226453e-01 -2.134339008819256256e-01
8.529016036567609038e-02 2.062066832897492819e-01 5.389223394100033093e-02 2.196159868705590823e-01
4.488516157422712816e-01 -4.442471596278005919e-01 -2.993892625030240562e-01 -2.876931061982081900e-02
4.910400442689458189e-02 -9.614709797811712977e-02 -5.482633544335224762e-01 -1.956265314696457869e-01
# Ядро сверток:
1.975959880919543332e-01 4.368158283874799125e-02 4.710297296320953980e-02 -6.188139797537985792e-02
-6.344179986855207065e-02 -4.013786404969739707e-01 3.682223075322246797e-02 1.651696982554061999e-01
1.506459347812706129e-01 -9.019728958588607570e-02 -2.386654237220062480e-01 -5.886080406247491403e-01
3.986449776296501629e-02 2.993112916050121308e-01 1.145992608966579229e-01 -2.799440355872579445e-01
# Ядро сверток:
-4.038763001499686145e-01 -1.874247922882850415e-01 1.575042285462274483e-01 -2.925947110930682271e-01
-5.269294924839554861e-01 1.976995978921327335e-01 2.541772725992518800e-01 2.349507249271906018e-01
-2.595359309439662643e-01 -1.410739524438852921e-01 1.403973458963873322e-01 -5.723237785385453663e-02
-1.130540330981339991e-01 7.700686327390411645e-02 -1.163655091144152748e-01 1.970183098594566751e-01
# Ядро сверток:
1.336508798590436975e-01 -6.985203425306837910e-02 -8.555266887600143644e-02 4.228575234500474983e-02
1.222991038647478906e-01 3.285804595424576119e-02 2.763504660521218792e-01 -2.518193532198981788e-01
3.942336912893333600e-02 3.895637620700770909e-01 -3.287331711596064299e-01 -1.387015876981432042e-02
-3.647101518518906099e-02 1.196946310701563765e-01 1.726583740542544654e-01 -1.290266791115426692e-01
# Ядро сверток:
2.829936021257948853e-01 2.957980959283471600e-01 3.144381905092045737e-01 2.438435914110540781e-01
-3.957828225098136005e-02 5.765337705556324022e-02 1.210069572844556102e-01 -8.654850070707958976e-02
-6.546642979491136272e-01 3.375247853398419817e-01 -2.399473133759496765e-02 2.122591791624300062e-01
2.736503880212277917e-02 2.135584193135549314e-01 2.932129882103661211e-01 1.241624071671976748e-01
# Ядро сверток:
3.242454830733958460e-01 -1.877728838744991136e-01 3.954008577863851182e-01 -4.811046548259804122e-03
5.978255607857951848e-02 -9.302148609126867362e-02 -4.538158835575668015e-01 -8.024498404089358550e-02
3.749918492972298956e-01 3.853875737492802878e-01 1.622759364544608673e-01 -1.717232787825143103e-01
-3.961965610957693396e-01 -4.432653992881933208e-02 -9.168678605302357787e-02 1.935351488230152295e-01
# Ядро сверток:
2.021592396434220007e-02 2.076766629809683462e-01 2.773058698202025135e-02 -4.614538989799349400e-02
-2.414174776293717406e-01 -9.699508092634349932e-02 3.203342503998469204e-01 -2.364937885552472474e-01
-1.009885158477877992e-01 5.022896925483163466e-01 -2.111612868535232002e-01 1.394085284994056317e-01
-2.484720027506531759e-01 1.596389983535046742e-01 -3.996436615303208817e-01 -9.137379317125149392e-02
# Ядро сверток:
-3.198461530674937547e-01 -2.342365718557883891e-01 -2.475520295847936092e-01 -8.735374178539073720e-02
5.452744777282526184e-02 -1.757572110247232755e-01 -6.853969003983680919e-01 2.551235932470069523e-01
-3.453704406182546427e-02 -2.408875284249166748e-01 -1.026291875306188373e-01 1.334260887854192834e-01
-2.555363565273249121e-02 -1.078100861915515379e-01 -1.745268585228575975e-01 -5.741775769299786170e-01
# Ядро сверток:
1.113537596424119258e-01 -4.405195747342762758e-01 1.827986153549142623e-01 1.983038461834360500e-01
-1.502344022183021710e-01 5.594068259100411222e-02 2.060900878178238138e-01 5.860069086864043708e-01
-1.203183174637825203e-01 4.730473021999245242e-01 4.550632952666539693e-02 1.075222107590174808e-01
2.638930834097454325e-01 -9.192984523262671959e-02 -3.463828988246520080e-02 2.296450173484051449e-01
# Ядро сверток:
-4.627843195111043528e-02 1.114585035272964431e-01 -2.818418598369349382e-01 -1.887002469851694897e-01
-4.440329875958476391e-01 -6.285140554193528739e-02 -1.472887089784800452e-03 1.694197645451092638e-01
1.916116970277927378e-01 2.366796926289648217e-01 -1.744753145772240735e-02 3.507412392778708893e-02
-5.234288469214092299e-01 4.597077946525705561e-01 2.545723086246807765e-01 2.497372819734127586e-02
# Ядро сверток:
-1.464769692202833595e-01 -2.171622764207723488e-01 1.079669003083642831e-01 2.112609051299169927e-01
2.202907895614982514e-01 -1.395120340567857220e-01 6.579702746539239921e-02 2.439215717294435787e-02
4.818718145194271218e-01 -1.382939224305547721e-01 -9.215571669750143025e-02 -1.312776207277241425e-01
-2.725072318193448931e-02 -1.264769892649620642e-01 1.128812294112351566e-01 -2.567368822493235614e-01
# Ядро сверток:
-4.303864150959536006e-01 -2.920319255428928118e-01 -1.575585368106140194e-01 4.471584225734397122e-02
9.557926699522864555e-02 1.479163522708050738e-01 1.070597512006376401e-01 2.145391232226120937e-01
-3.834369768833581493e-01 6.450533110506397050e-02 -3.742669663623379162e-01 -5.781635496768335880e-01
1.886083995386074741e-01 1.095671181313884746e-01 2.164665821131129542e-01 2.239800357961027610e-01
# Ядро сверток:
6.037563485298704999e-03 -1.506749852365059650e-01 1.612531911094052250e-01 1.851481016925608791e-02
-9.605778661736079360e-02 2.896011529263687878e-01 2.130575597059146398e-01 3.873646075294150948e-01
1.808770479470045989e-01 -2.126323916703209138e-01 2.270882603760708274e-01 -1.090605741442323695e-01
-2.306314611801275338e-01 -1.605987149753277110e-01 1.342043715617786404e-01 5.107653679401784608e-01
# Ядро сверток:
5.070586814137835185e-01 -6.904985779239244947e-02 9.913836390761361639e-02 1.643661299676170418e-01
-3.919084693336680747e-01 -2.873662519207997174e-02 5.098196127810755620e-04 1.911442771330031376e-01
-2.579317684919147369e-01 2.174375960902797666e-01 -4.168447101318952241e-01 -1.167986387119733516e-01
2.585414157373550070e-02 -1.056659795971071208e-01 2.240681539271620060e-01 3.740124349556255695e-02
# Ядро сверток:
-4.982170011761273276e-01 8.523798815022110009e-02 4.898067097806644427e-02 2.336236881221600836e-01
-2.017456262016561197e-01 -1.104242904591324903e-01 2.803711290473219209e-01 -1.759299375898983886e-01
2.251776094966750075e-01 2.522967000564201867e-01 -1.871620934851733198e-01 -2.412631223961729521e-01
1.038971603351969142e-01 -7.716449674450573393e-02 -2.485381288202184180e-01 8.900274148498113491e-02
# Ядро сверток:
2.466536844601234513e-01 -4.213818225760503078e-02 7.780791203361837882e-02 -2.851299738050382809e-03
-2.122007659619844222e-01 2.156048343093479036e-01 6.853116111761865525e-01 1.919629084599704105e-01
3.150952772716555245e-02 -2.676053859849250038e-01 -1.281697604121344591e-01 -2.033212840218297790e-01
-1.530795986983919388e-01 -1.861009659978253572e-01 3.313130825613349456e-02 7.326273788279159295e-03
# Ядро сверток:
-2.828082740232114589e-01 1.143726052772530977e-01 6.723771993902200039e-02 -2.671395637456903116e-01
1.179289631693580115e-01 1.733390860025643132e-01 1.046062495829987310e-01 -1.443601076981212150e-01
1.858986975605622094e-01 -3.703451447189899937e-01 -8.347845160724634561e-02 -4.903329415917677681e-01
-3.563641512497375263e-01 1.383223723574342756e-01 -3.693013830267675157e-01 1.187700769120817040e-01
# Ядро сверток:
9.806570634097530603e-02 -1.525442789918213526e-01 3.466794859345380120e-01 -8.694004733024195131e-02
2.153435696162099011e-01 1.816117843363578011e-01 -2.428326731524287352e-01 9.693867486051885307e-02
-1.374707038095462630e-01 -1.319302324337449095e-01 -3.171992327715476567e-01 -1.240692728986439314e-01
5.619503806138392843e-02 -8.239524378387501624e-01 -3.039575718657301362e-01 6.495880354419655833e-02
# Ядро сверток:
4.037095772123836315e-03 2.666702933377325911e-03 1.069056052637943309e-02 1.123221825244206384e-01
4.318519098046728899e-02 -1.147274505306034552e-02 4.249468999420084186e-02 4.188652112342321210e-02
-7.082263485283225857e-02 7.520359114127908584e-02 2.875310660186998213e-01 -6.365999097256093142e-01
-2.265603362352667516e-01 -1.707999354380294876e-02 4.926943297803145216e-01 2.537562521736446697e-01
# Ядро сверток:
-4.411301195482096316e-01 -2.998546716978526816e-01 -6.259822930779886108e-02 1.957070405711383854e-01
2.928292079035746572e-03 -9.491469476702392438e-02 -2.548141868391292642e-01 -1.204106253934181525e-01
1.199224280941025428e-01 1.054469374432506767e-01 6.598760739852803647e-01 -5.846354291672051229e-02
-1.981129620904325817e-01 1.406282036733170170e-02 5.166997551390550836e-01 2.602610495046620009e-01
# Ядро сверток:
9.449767600143710311e-02 -1.991584577158910796e-01 -2.229912058034813072e-01 -2.163843227942075995e-02
-2.107477131206212939e-01 5.277376092788937240e-02 -3.454484430443445497e-02 4.308533269940624799e-01
-8.653054078126619364e-02 -6.842322431025829044e-01 9.379281502905421897e-02 -2.235878118347590093e-01
-8.946144692880625415e-02 -2.956296563817622722e-02 -5.216792941974892628e-01 -3.572268030338947020e-01
# Ядро сверток:
-2.624210505845102626e-01 -3.233854236975587382e-01 6.595894310132652816e-01 9.334894293660521425e-02
-2.691055421900640510e-01 4.376161665129649214e-02 -3.468429315050929329e-01 -2.567696854055692146e-01
-1.849007560763080427e-01 2.592238245319563594e-01 -1.124299414592350443e-01 2.000613526951726048e-02
2.714753922565607547e-01 -1.111107185917366569e-01 1.480054429222898982e-01 -3.278075943342324550e-01
# Ядро сверток:
-4.066163510106348689e-01 -1.427441107737326687e-01 -3.625329434069671786e-01 -3.772388460317750991e-01
-6.665037006774199302e-01 -2.042652725743071204e-02 1.484914449775572298e-01 -2.030888357291529556e-01
-1.409779861293151693e-01 2.228266512551889678e-01 -3.206585937679951037e-02 2.737793945034645016e-01
-3.429929863377212396e-01 1.903687902034258972e-01 2.484823344308021986e-01 -6.118326374852357807e-02
# Ядро сверток:
1.950755719642303654e-01 -1.532928915035323969e-01 2.680842530471803653e-01 -1.963480887905204308e-01
-3.169028328009706463e-01 -1.014283161206542064e-02 3.278177993065584800e-02 2.669186853334373222e-01
-1.862150140362602568e-01 -7.593805313394980105e-02 4.198436014984532894e-01 -1.384820557398284135e-01
2.777692782597188659e-01 -4.069706928633960025e-02 8.490772345832982293e-02 -5.417836629954768668e-01
# Ядро сверток:
-2.105198438361011448e-01 -3.653514278706661011e-01 -2.231520510181742856e-01 -6.687950548099620696e-02
2.518038240886223411e-01 4.289747565692346720e-01 1.108933975822408852e-01 6.940241555317060336e-03
-4.699351787809316061e-01 4.955715880632015069e-01 3.234778311489152625e-01 1.242042554109894399e-02
-5.042508844120968670e-01 1.764287569575002934e-01 -4.210031795612914629e-01 -1.323800245110416940e-01
# Ядро сверток:
-3.883995208001658206e-01 -1.655475585414089845e-01 -3.255015030258863185e-01 6.634557879099596545e-02
1.031614316080671501e-01 -2.340133155873766468e-01 1.129059550390568156e-01 1.046408951431579554e-01
5.271697578126571804e-01 7.012576291582492960e-01 2.431820214094957133e-01 3.486784762282119643e-01
-2.652192248611905390e-01 1.696291066599624753e-01 2.599540707021262831e-01 -1.515628080663197208e-01
# Ядро сверток:
-2.199610922260346324e-01 -1.619157871464120546e-01 -2.566111901745352086e-01 -3.753914931922490150e-01
4.133958529223298595e-02 3.610359827672256217e-02 2.211931657965618969e-01 2.492545446023187450e-01
-7.581570990971604404e-03 -2.917019083819186176e-01 1.090793037620670231e-01 1.623830347895120763e-01
-2.727110290378879087e-01 1.819521160506031299e-01 -7.232215707394545889e-02 -5.897262022455908997e-03
# Ядро сверток:
-3.635603334645613471e-01 -2.874529318438655973e-02 -9.130106933860963891e-02 -2.672068292293955372e-01
-3.845178159133724738e-01 -2.736943669478023589e-01 -3.497912167181965737e-01 1.742179165565776455e-01
2.668439783801632506e-02 -2.119110533146657260e-01 -5.464285846036248152e-03 -3.527220060045097583e-01
-2.686479464436986597e-01 1.253988679219346369e-01 2.180926744521418173e-02 2.373835751129519112e-01
# Ядро сверток:
-4.720667357933513997e-01 1.911288048273120099e-01 3.306732815028148864e-02 -4.170651482021979495e-02
5.186656153017633608e-01 -1.702418118741068076e-01 -1.466552426682537769e-01 2.260977065840363842e-01
-1.501174532863680799e-01 2.401314095239050761e-01 -1.541120364019226141e-01 -8.876455090906286427e-02
-4.677845980291525652e-02 7.241081609490052952e-03 -2.271958912943966291e-01 -1.399023180164868929e-01
# Ядро сверток:
8.675650233985125748e-02 -4.733803366652913347e-01 -2.035062852727803628e-01 3.004141356386963446e-01
2.293770683126377177e-02 -1.247162697278248605e-01 1.389251861424937728e-01 2.848398125530287039e-01
-1.969081790526779063e-01 -4.186938731596384633e-02 2.465396859943612407e-02 3.103403680901572481e-01
-1.059503034271472299e-02 3.260417932901205074e-01 -9.515374234522350205e-02 -1.410175542556399708e-01
# Ядро сверток:
7.523263883713141378e-03 4.938268998560629147e-02 -2.988714764687814829e-01 -5.060707286782737402e-01
7.030550882321044692e-02 -7.719420486613901011e-02 4.904097273905699272e-01 -8.950203079152936614e-02
-7.913264420498421214e-02 -1.417147245028410607e-01 -2.627378578122179995e-02 -3.081236722872078282e-01
3.788278027552465649e-02 2.373884856017653977e-01 7.570831415005959686e-01 2.740121226769143617e-02
# Ядро сверток:
-5.096541436474445463e-01 1.184178357141014853e-01 6.088148411154000600e-02 -3.385413889167562806e-01
-1.193204605873504770e-01 -9.688094338557728946e-02 -5.312506702465481512e-01 2.787004167354813558e-02
-2.568205352353560289e-01 3.184128786537436528e-02 -1.510387796407503536e-01 -2.796881452971066162e-01
-1.030912668210895305e-01 -2.038053247665710666e-01 -1.322248868824059398e-01 9.549940683510577122e-02
# Ядро сверток:
-9.841966560149886800e-02 2.324054890500549531e-01 1.238051495181738126e-01 -2.077320519306791458e-01
1.150133868322357894e-01 3.988887991735602656e-02 -2.318239102610764046e-01 5.441742587954617044e-02
-2.810410068727103305e-01 3.010079638488856180e-01 6.756665610222130081e-01 -2.046826926628100562e-01
-2.497198630253331664e-01 -1.482646030010754401e-01 2.613904204654509678e-01 -5.004329966708052913e-02
# Ядро сверток:
-4.946228873654914815e-02 -5.276252571688893056e-01 -1.650614929882318893e-01 4.271493200418093883e-01
-1.781826166038037451e-01 -2.276147009805928045e-01 -4.099173055005608801e-01 2.134519019133072903e-02
7.863592204150590681e-02 8.326978231253734375e-02 -1.341923100207151887e-01 1.775074338307827126e-01
-1.463861079402592746e-01 -9.366243475210983549e-02 -1.703636565492273880e-02 4.546409207635133953e-02
# Ядро сверток:
3.820451925434558138e-01 -2.350953851007728523e-01 2.172080422732705629e-02 5.768137080011476181e-01
-7.586362840153451637e-02 2.621385113993622840e-01 7.647802289316321667e-02 4.934242013315232045e-02
-2.698006661043755861e-01 7.425849200644777381e-01 -1.656089471965244420e-01 -3.510485419014839903e-01
-1.282903135105243897e-01 -2.088746801032142775e-01 -2.213715628344997688e-01 -4.365498887497749197e-02
# Ядро сверток:
-1.524062205078566545e-01 1.601230352576885896e-01 -3.240271518678941587e-01 -1.277290828856491589e-01
3.453407094504931663e-01 8.368583557162175002e-02 3.907664651045152926e-01 2.805364410404580511e-01
1.745226440692502212e-01 1.256518984591916133e-01 -2.129340035099182571e-01 -2.961361720156846511e-01
-2.498326631191370023e-02 -1.080888804445666734e-01 1.048035233764889051e-01 3.099464587816268962e-02
# Ядро сверток:
1.514702322506045473e-01 -3.195620420147119445e-01 7.445536346699700714e-02 -2.555987828396775186e-01
1.681791818576100772e-01 -9.134939041990335074e-02 -1.407530782414177783e-01 5.455456984130514948e-03
-2.965860496742256380e-01 2.206988793165220730e-01 -3.339182118329793170e-01 6.566089106008270171e-02
1.041120393320129900e-01 8.014084981777895578e-02 1.953548826893214407e-02 7.014677687339847777e-03
# Ядро сверток:
7.843313429439389972e-02 -2.206646897892291792e-01 -2.450474618792689852e-01 2.672531638876212146e-01
-5.955944781525606725e-03 1.151035461183753522e-01 5.304689228868492840e-02 -3.654866637566875354e-01
-1.122891976728061236e-01 -3.017628839637364058e-01 1.216813561290818191e-01 -1.561868891859364006e-01
-2.137125215508794696e-01 1.973030993206466299e-01 3.341447625374552310e-01 2.369401036800847238e-01
# Ядро сверток:
4.165580090995428253e-01 -2.754894222238042922e-01 1.077877112427428341e-01 -6.340769184670987102e-02
3.373667050559523983e-01 3.164414647902714095e-01 1.747618097321117780e-01 -9.607495770718947614e-02
-3.340388561343867191e-01 5.939248384171404854e-02 2.089418460963762270e-01 2.610481916823314541e-01
-1.057874148599528691e-01 3.936052259513450613e-01 3.056073283582936284e-01 1.710721513295005436e-01
# Ядро сверток:
4.116519328388243415e-01 2.444217232006282992e-01 1.538425563505553817e-01 1.383451148905780193e-01
-2.003942419166032385e-01 2.081957716729124774e-01 -1.823119762571278335e-01 4.425905243601639949e-01
2.359713825034032847e-02 -3.196776501689318484e-01 -6.067094521698312981e-02 2.731348225042022279e-02
-1.012599418644848787e-01 -4.664318745390986370e-02 -4.714960684708646710e-01 2.613813794384106104e-01
# Ядро сверток:
5.238994581657752114e-02 -1.798479351482449792e-02 7.745474039680801115e-02 -4.616204573197940086e-01
2.046276839621581356e-01 -2.428755227045661935e-01 -2.369340965849799641e-01 -3.442090252585570109e-01
-1.329148656924194760e-01 3.410565647550702906e-01 -2.254056017461740502e-01 -5.759001666157693294e-02
-1.672321054895568176e-02 1.562250213742993887e-01 2.639151361549514907e-01 6.636900495033208613e-02
# Ядро сверток:
1.559348784328445092e-01 -7.341979078228336175e-02 -1.495738273073363850e-02 -9.996070511580694429e-02
-7.433470491582586104e-02 8.791551729796484582e-02 -1.582920507528476350e-01 -1.772336005884078136e-01
-2.965367744441008702e-01 8.428280159638401603e-02 -3.578670727170671362e-01 1.092903124114431856e-01
4.103654671883369409e-01 3.874321471248098891e-02 -3.698860742360736420e-02 1.352983871939836547e-01
# Ядро сверток:
7.260581952830335029e-01 5.046249843888552800e-01 2.726718037450437393e-01 2.076327725667074520e-01
4.501688670710206341e-02 -2.492391502162962652e-02 -4.656487116112388858e-01 -1.273852993847327253e-01
-1.262806451521338025e-01 4.846137814235988994e-01 -3.298016912437922721e-01 1.120069570939472015e-01
3.000167846355199508e-01 -3.173194496239908347e-01 2.905994539595916915e-01 1.201687795335047541e-02
# Ядро сверток:
-4.169662643233589816e-01 -3.379230442710287607e-01 -3.896412122133495470e-02 -2.135085767627600481e-02
3.970555461238717831e-01 -7.781112587068187425e-01 3.263916935627139138e-01 -9.482507775065958378e-02
-2.625265112181787153e-01 2.056051566220010729e-01 -1.117445514293368136e-01 9.031519809252301634e-02
-9.627133240676671866e-02 -8.494103475390042679e-02 1.571257033783944254e-02 1.184676495870317231e-01
# Ядро сверток:
-1.561745487144823585e-01 -4.809933781877849257e-01 -5.402858026323868745e-02 5.181018752321717713e-01
2.312170543648123799e-01 -3.271736408281151198e-01 -1.773623532686714396e-02 5.293978429339515901e-02
4.726311118180021725e-02 -1.767430157318639339e-01 1.518430153344077493e-01 -2.580872976393048801e-01
2.069745487166103348e-01 4.685962872398308915e-02 3.763767602443632843e-01 3.149045821954377655e-01
# Ядро сверток:
4.598531731785412968e-01 6.413681792610297083e-02 2.546707612433261603e-01 2.228669318809708144e-01
1.553683079975269332e-01 -4.409011124251112079e-01 -6.281642814019391396e-01 -1.748398768128257286e-01
1.333829307743180509e-02 3.389071173090420497e-01 1.621606600855234059e-01 9.829817923249281608e-02
2.033359601974479847e-01 7.676697875056154308e-02 -1.172516448845770526e-01 -1.997068104614636852e-02
# Ядро сверток:
3.180200100668501562e-01 5.999009399173799856e-02 -4.784608204874563064e-02 -1.499323179184356640e-04
-2.285206500106498617e-01 -3.978207947722034454e-02 -1.994895693210671228e-01 8.327699977259972464e-02
-8.548891882488807159e-02 9.200182874365919750e-02 -4.048284693349047531e-02 1.283662955265991723e-01
1.400173757388218088e-01 -1.930120826492066066e-01 -1.648876650446506886e-01 3.485028634370214151e-01
# Ядро сверток:
-1.247542589351219311e-01 -5.396507592377518259e-02 -3.818303142442278780e-02 -1.256366721018738197e-01
-2.983812552876097812e-01 1.880579835781739928e-01 -5.972052018667778350e-02 -1.924105792194879261e-01
1.592659729658842394e-01 -3.485185133952967140e-01 -3.338682243485427414e-01 -5.637734606259094949e-01
1.543853402405769570e-01 -2.592282991427037886e-01 -3.882571456693891254e-01 6.634878018124834576e-02
# Ядро сверток:
-1.535570436436224095e-01 1.159900483550747874e-01 -1.470436924728995565e-01 -3.513852622435200690e-01
1.967412105321091342e-01 2.387732092504826417e-02 -4.551013945132527105e-01 4.249855323164755672e-01
2.604551239225306736e-01 3.344819656006870617e-02 1.336228260210162444e-01 -1.336965916422429845e-01
-2.416616718324185176e-01 1.387488548640372632e-01 1.959960250914841995e-01 -5.158901813864870400e-02
# Ядро сверток:
-1.623685077794304599e-01 9.034771589682943915e-02 3.254763850738338626e-01 2.429040383963221583e-01
-1.258633261826695993e-01 -1.194144962049155101e-01 -3.132402063784546775e-01 -8.748136931622545187e-02
-5.242698957281909378e-01 -4.452082583753464440e-01 -1.901602783400674346e-01 -2.144529301466270577e-01
3.293054658769982157e-01 -6.897506496177662205e-01 -2.322182100395416005e-01 1.988904117650495615e-02
# Ядро сверток:
5.732197605693783310e-02 -2.382905949187767991e-01 -1.939770135954545921e-02 -3.344247051621644928e-01
-9.536358822857107786e-02 5.086716236941801750e-02 -3.389692863756045837e-01 -7.460592481781061491e-02
-1.905078899779575133e-02 -1.506309519523302276e-01 1.939155403905750419e-01 3.155501532329643144e-01
-1.517467415594993818e-01 -3.993441246834216196e-01 -3.493128595902695865e-01 -1.455000925960212854e-01
# Ядро сверток:
4.402727089206057154e-01 2.410388764287852981e-01 2.367996626752940370e-01 1.903774313248195738e-01
-1.130758454377232131e-01 -7.190760152568419217e-02 -3.385990549579872676e-03 -9.987901692627702832e-02
-1.041229077930127950e-01 -1.886226348289157251e-01 2.079722910523103263e-01 1.285515432187374629e-01
9.082725483921208487e-02 2.608664842251613302e-04 1.253588227405431042e-02 -1.815375578818219926e-01
# Ядро сверток:
-1.361239587665283302e-01 1.472622403118660772e-01 -6.746489322623486218e-02 3.710963809593854634e-01
-1.298645626141814169e-01 -1.263767383489181606e-01 -1.993081210341720866e-01 6.554510641228054879e-02
-2.458081086319599262e-01 -2.736723395923033597e-01 -7.348225506134457852e-02 2.169230118466404164e-02
7.608405887938847478e-02 2.492389435852336577e-02 4.339926577005461805e-01 1.740358221027231422e-01
# Ядро сверток:
-2.706581377093955632e-01 4.469038854853858433e-01 1.018900440657252993e-01 2.996034658384645957e-02
-3.597178929031157879e-01 3.553031866266528338e-01 -2.043212314144571828e-01 2.115559088730622761e-01
1.652146108041333827e-01 3.702331392014217015e-01 2.461096167799508294e-01 -9.060402586922300383e-02
2.417796326359854808e-01 -5.671211599259159963e-02 1.126294375578388018e-01 -2.052299314744791547e-01
# Ядро сверток:
1.063723492118673342e-01 1.420339389907113448e-01 -1.511649608579654358e-01 1.665369596370284144e-01
3.246213335856557025e-01 2.326241268863145639e-01 -1.632765033342677974e-01 -1.804522542528470275e-01
-2.323873042290978408e-01 4.617959554974217506e-01 -5.914820297931714516e-02 -1.409492728596971056e-01
5.628927709078687114e-01 2.360837734911462038e-01 1.352440485056547459e-01 -3.260198439798118186e-01
# Ядро сверток:
3.144459296322491548e-01 2.719443465165704565e-01 -4.133683100456895243e-01 -8.262438092513642307e-02
-2.317099521352873615e-01 -1.077333127339424601e-01 2.229274241582836213e-01 -2.534333995908206183e-01
-2.590932973323180621e-01 -3.134581496756525532e-01 -4.301873596041762005e-01 -2.317951046468476883e-01
1.482719524475436534e-01 -2.616942580803153784e-01 6.164753230326050493e-02 5.428807629219101205e-01
# Ядро сверток:
1.962938760879201147e-02 4.378126433415248098e-01 3.129051103516374693e-02 1.117126339855206707e-01
-1.710447315450318029e-01 1.516332642513551210e-01 1.541844612109742052e-01 4.411875203815038282e-01
2.775765792462754622e-02 2.267290705281247432e-01 4.512512458836174245e-01 6.211198177365990364e-02
-1.039908190489983453e-01 2.070482452210503921e-01 -1.445508234778460077e-01 -2.677589319432618908e-01
# Ядро сверток:
1.031514014693063301e-02 -3.441867849692277215e-01 -2.934676893935891373e-01 -9.303000853196567721e-02
-1.755095639741426202e-03 -7.063349419258498595e-03 3.442251393921382796e-01 1.262291439211162269e-01
3.668566839307672023e-01 -3.785388523907369240e-01 1.806287408850288656e-01 4.632213337281512744e-01
-1.650809126412489392e-01 -3.674206890565581141e-01 1.967281785893972290e-01 -2.777887047974080328e-02
# Ядро сверток:
1.652341266521904495e-01 -1.621315494441019356e-01 -4.679067244344302101e-01 -1.990404320424167539e-01
-4.089954113548175396e-01 -2.881228809980024841e-01 -2.943416498198880293e-01 2.412089135197634515e-01
2.441899166151761946e-01 -1.940307386568081160e-01 7.038710239256110168e-02 1.442217687182759944e-01
1.169667882845963347e-01 6.806681233288958133e-02 -3.068616116566119656e-01 -1.506071683658712634e-01
# Ядро сверток:
-3.623472054344032967e-01 -3.541548345568999723e-02 1.092528636342626480e-01 2.681706500534696697e-02
2.552534335784701902e-01 -8.137413989942379189e-01 -7.268880541578552623e-02 7.843460193340016928e-02
3.862915314712786485e-01 -1.859423322008951496e-01 3.109966447696159708e-01 -4.252915229629261606e-01
3.282979140741512647e-01 -2.323776663970584730e-02 8.829927142401586271e-02 -2.918014476435260574e-01
# Ядро сверток:
1.780058565065740228e-01 -1.517771101584889371e-01 1.598155703341183446e-03 -2.330641523621872213e-01
-1.640286491925567747e-01 1.687089972506817526e-01 -1.576671647586693203e-01 -5.114028460745192323e-02
2.722972561236644204e-02 -8.390197079664249435e-02 1.717442477171910731e-01 5.502781151391913372e-01
-2.523254389223444916e-02 -7.374205070497764913e-02 8.694092736751973804e-02 2.165986504308473337e-01
# Ядро сверток:
-1.816155943333451206e-01 -2.257963582670511060e-01 -5.396010805136243482e-02 -1.408362065290852116e-01
2.316449386485342765e-01 -1.560361189158589734e-01 -5.226954388883685299e-02 5.417396985913809360e-01
-2.167222771675993490e-02 2.489759940445230302e-01 -4.739980259454135147e-01 -3.585868629527713680e-02
-4.615009512770670841e-01 -1.427740425453252748e-01 1.169750699762811263e-01 1.532369513757745605e-01
# Ядро сверток:
1.042412234248245306e-01 -1.923512899107620300e-01 -1.069346767438587170e-01 2.727212225244071142e-01
-1.752866737583881340e-01 5.257109669432454176e-03 -4.010179629491594788e-01 2.986158687257892685e-01
-1.791600859723775641e-01 -1.123596833960233826e-01 -2.756259553191090506e-01 4.516736623996077116e-01
1.085274902750986981e-01 -2.234740370874358228e-01 -5.033203667299310929e-02 -6.047651324947462409e-02
# Ядро сверток:
-1.782274106690530657e-01 4.515788116205465275e-01 -3.094798594325329777e-01 -3.308365291820261067e-01
-7.634005872121138458e-02 -2.833034973064726264e-02 -6.207532048149275727e-01 1.499821456497374694e-01
2.498883090773133253e-01 -1.859681387977283051e-01 1.673296843545312440e-01 -1.525899090878876929e-01
1.779442896238857263e-01 1.624412902207058584e-01 -1.231607093339215225e-01 1.606794623481978546e-01
# Ядро сверток:
5.409263617331333540e-01 6.123916198469385730e-01 -1.172871176371616947e-01 -1.767635092238288852e-01
2.644092387954361523e-01 -3.081898863796043164e-01 -2.241422196879078524e-02 -2.405854217868661216e-01
-2.026936341837144440e-01 8.977831317098987352e-02 3.207616755995483515e-02 9.422084565653174315e-02
4.240207925771855013e-01 -6.303223623122245801e-03 8.383488522995763415e-02 2.057331570394368703e-01
# Ядро сверток:
2.800630461398113669e-01 -1.945168309730275699e-02 -2.637450098704639534e-01 2.352798677932633198e-01
9.108576042230774605e-02 -7.164036671085929897e-02 -8.007679559750115195e-02 7.224987726010914657e-02
3.892398628324918175e-02 1.148714989594403907e-01 2.550285504266949776e-01 -6.962792050130998944e-02
-2.472498251411766462e-02 -7.534831222541762963e-02 4.281797583266415408e-02 2.417960100357038067e-01
