# Исходный размер 3-го сверточного слоя: (384, 3, 3)
# Ядро сверток:
-5.266866482629285057e-02 -1.807813856527969998e-01 -6.438029438093949564e-01
-7.430532819459405580e-01 -1.509928992599128827e-01 -1.676881539687588019e-01
-3.337921645345789945e-01 -7.584160341932356664e-01 1.183603955862507495e-01
# Ядро сверток:
1.284836828736292229e-02 5.111408385070003238e-03 -4.835532278239642046e-01
-8.826426524841211041e-01 -7.799861723346180886e-01 -4.794185034561309067e-01
-4.048036370926660354e-01 -3.982401045995743738e-01 -2.736471873269621380e-01
# Ядро сверток:
-4.837685627256007037e-01 -2.679748833488604376e-01 1.257640113982352037e-01
-1.055034525402747531e-01 -9.628342462842884864e-01 -4.059405630820425159e-01
-4.954007022964101448e-01 1.179685808195420592e-02 -3.583207374054689365e-01
# Ядро сверток:
-1.900280776480570699e-01 -8.734708485319095383e-02 -6.293482710665110336e-02
3.713154955244889199e-02 -1.027056877111423051e-02 -2.946279134607454608e-01
-1.898181184512706121e-01 1.491382034251419464e-01 -3.222998209754247556e-01
# Ядро сверток:
-8.298286118249882382e-01 -4.228967906544741640e-01 -3.186159866941248309e-01
-2.789737383569119711e-01 -2.960271029492599903e-01 -8.051065892448058259e-01
-5.053986716620487846e-02 -9.484178657232806842e-01 -5.717264075209644858e-01
# Ядро сверток:
-2.895548034732464138e-01 -2.063883663979849126e-01 1.147968043953390832e-02
7.232081187282404788e-02 -1.863980001182523327e-01 -1.287752307574978328e-01
1.123718555916889544e-01 -5.828073369346115778e-02 -5.605395901630716438e-01
# Ядро сверток:
9.109041328322542430e-01 -5.338848141840525641e-03 -4.631327279840525835e-01
-4.291231437128928405e-02 4.042911721310858408e-01 1.324220179677583209e-01
3.151506883712423129e-02 5.544437251698470792e-01 -4.814241803888079652e-01
# Ядро сверток:
3.322480545849203215e-02 1.233853272807551582e-01 4.946278590432270916e-01
-6.827418418617385576e-02 4.440921774522754023e-02 -2.667766416219743419e-01
1.970976184401158349e-01 -1.953639957267848670e-01 1.509205252892575622e-01
# Ядро сверток:
-3.131458037507172665e-01 -8.455163990022486475e-02 -4.829016564534533984e-01
-2.110734264839615182e-01 -1.202373536486043559e-01 3.190862831054910864e-02
1.458227208392955110e-01 1.513966308703023900e-01 -1.696729410311981212e-01
# Ядро сверток:
-3.239347485566089757e-01 -5.630922419598268641e-02 -1.943443172520105053e-02
1.732242504233506564e-01 9.654851862789264050e-02 3.007192142401177333e-03
-3.079522267092028032e-01 -3.507993763036919010e-01 -1.000934755065412407e-01
# Ядро сверток:
-1.158315882014778475e-01 -5.136494050054127847e-01 2.733240151702136245e-02
-1.238703508401874098e-01 -2.183793480942164411e-01 -1.851330356678857481e-01
5.652138004053966491e-03 -5.570301583693584302e-01 5.402619745475185226e-02
# Ядро сверток:
-4.190014883256155676e-01 -4.228769852609258195e-01 -7.413368104823567784e-01
-1.941904272686194310e-01 -6.330138123272188375e-03 -3.543003395502277719e-01
-1.138101567663681452e-01 9.879372901905301985e-02 -2.306222962170422219e-01
# Ядро сверток:
2.920089010358914439e-01 -2.155575020328524480e-02 -2.849639671295429166e-01
-3.166762288983871604e-02 8.128483800104070733e-02 -4.574276329833192323e-01
-9.662195050895251713e-02 -6.643209017791192050e-02 -9.254284634023560163e-02
# Ядро сверток:
-2.766835964667798686e-01 -5.402374181936604458e-01 -4.132047014949049024e-01
-3.225600257095095347e-01 1.970986803351201244e-01 -3.500958243970279937e-03
-9.235516514827414591e-02 4.173638560460604108e-01 -3.420073173126692567e-01
# Ядро сверток:
-3.415254152300085666e-01 1.222334603011691334e-01 -4.234515485560245152e-01
-2.226103008913168924e-01 9.408387212500803065e-02 3.152860776727455239e-01
-1.251906165091834847e-02 3.861626589736920634e-01 -3.384992414918410186e-01
# Ядро сверток:
-2.769110388725040117e-01 1.807916239956279258e-01 1.224107803108967774e-01
7.741115313913232709e-02 -2.946274323770737835e-01 -5.802626754468807047e-01
4.875690043333265056e-01 -4.204146544900718707e-01 4.273703480958490619e-01
# Ядро сверток:
-2.410681446782018261e-02 -3.465285015728263862e-01 5.168996102402418497e-02
-6.740469034825508077e-01 1.260692613647562133e-01 2.776326993110957986e-01
-5.086404697574398170e-01 -3.054669194343084260e-01 -1.662499979835773203e-02
# Ядро сверток:
-3.094220299758678738e-01 -2.734930117679596484e-01 -3.497041501733462732e-01
-2.064701074327885688e-01 -2.760275007664370062e-01 -2.502883634466947504e-01
3.509662914515007670e-01 -5.294408718521868007e-01 5.790390859955110020e-02
# Ядро сверток:
-1.811683107427309869e-01 -1.503662150111295115e-01 -3.978207002628063593e-01
4.520679830655136011e-01 -2.677873847213224634e-02 3.574670719121972873e-01
-5.654778720175636098e-01 -4.254910422056959463e-01 -1.078637596865205661e-01
# Ядро сверток:
2.965600838245774917e-01 -1.690359546345458486e-01 5.106634942721737652e-02
-2.100673808111888641e-01 -5.531086315848218055e-02 -1.826730663473913607e-01
-6.865426234494169666e-01 4.448689457140126979e-01 -6.335338496208771375e-02
# Ядро сверток:
-1.773037885566825511e-01 7.957747708138814338e-04 -1.981112898818833956e-01
-3.701060690907054807e-01 1.473427006193627625e-02 2.787175213258712425e-01
-3.521600559721727586e-01 6.703104245871703559e-02 1.739090440406260152e-01
# Ядро сверток:
-7.309924313560141329e-02 6.047242458273177634e-01 -3.906350528203358374e-01
3.497315434991811189e-01 1.883975224801445400e-02 -2.085462338433977103e-01
1.749187058943112993e-01 5.877313600156284235e-01 -4.479319759009865454e-01
# Ядро сверток:
1.075509162018915277e-01 -3.345274576474820960e-01 -2.441094404931315187e-01
-6.825698450892282720e-02 2.975150161491241230e-01 -5.981667136602152324e-01
7.013072474438755699e-02 1.147262217741805562e-01 -2.498360112254225662e-01
# Ядро сверток:
2.986671840798403310e-01 -5.994495338323192479e-01 2.488938763696893208e-01
-3.191029174096008392e-01 -3.297205929915885125e-01 2.088428714857177015e-01
-3.211841340052217220e-01 1.821852490468467978e-01 -2.189790180342276460e-01
# Ядро сверток:
2.194886796783172556e-01 3.048723567247419441e-01 6.522836641242659717e-01
3.956539135695267273e-01 1.760487543472607705e-02 -4.251536710914499695e-01
7.340663695307339531e-02 -6.818813754540977400e-03 -3.366926016956655054e-01
# Ядро сверток:
-1.059951160371615797e-01 -3.223617197784152677e-01 8.389084527887403706e-03
-8.327265078281900768e-02 -5.803497186920879569e-01 -8.041845938529810223e-01
5.703770287213322243e-01 -2.248792329173723847e-01 1.619134644673068946e-01
# Ядро сверток:
1.417412696468481337e-01 -7.957616575299765183e-01 -9.476884712906861186e-01
-2.593811854391500082e-01 -4.822119332185218488e-01 -2.328256838512935689e-01
6.161950252107106785e-01 4.414194258322490932e-02 -7.416383898666016605e-02
# Ядро сверток:
-2.723889205993442197e-01 2.275205281714985650e-01 5.636236497407094426e-01
3.283719532087987503e-01 -1.637082177172927144e-02 1.677977387578502289e-01
4.469326636392339513e-01 2.101947697827941386e-01 1.013591371252019202e-01
# Ядро сверток:
-8.506589917161636039e-02 -8.351004962980829172e-01 3.001050451908190975e-01
-2.818762653845173216e-01 3.801544725101709266e-01 -3.638316048278806419e-02
-5.158477927347504544e-01 -4.432232226641201756e-01 1.665492117575579842e-02
# Ядро сверток:
-7.342831418963343681e-01 -4.112652474689794668e-01 -5.097873160230527168e-01
5.087117333874031644e-01 -1.814334477084757480e-01 -6.065546554932993439e-01
-9.448432809457819603e-01 -2.146277510121546439e-01 -3.383701410017417310e-01
# Ядро сверток:
-1.579822804159925487e-01 -8.731056722177046869e-02 8.138505089223643796e-02
2.517902776942749221e-01 -4.858854252647060168e-02 -6.513310654251920628e-02
-5.723048908145597635e-02 -2.588014206078412816e-01 1.464627910430481295e-01
# Ядро сверток:
-3.064551892733169969e-01 1.365676478557619755e-01 -2.674394056273069475e-01
-7.052462789548070710e-01 -2.792379556878809566e-01 1.583133881342095872e-01
-1.288997885871403203e-02 -7.872183854047849483e-01 -3.122015325491661053e-01
# Ядро сверток:
-4.075875855054654773e-01 -1.199893165530232231e-01 -2.286590765022144811e-01
-3.093736796931811917e-01 -1.556667991259583772e-01 -4.338966242050456001e-01
3.447443265949828861e-01 -1.016372517271919435e-01 -2.948572507243732432e-01
# Ядро сверток:
-1.071488084589996698e-01 9.167866516495411233e-02 1.361580812197754793e-02
-7.306471527425877077e-02 1.863146655874897695e-01 1.523563545700668820e-01
-2.167119406095820433e-01 9.490942587211047554e-01 -3.582263660012130480e-01
# Ядро сверток:
-9.190574503759584013e-02 -4.359058772732983256e-01 -1.237069278205646938e-01
-1.182335848672648737e-01 -2.159224495164849267e-01 7.727717133731233645e-02
3.987178714822521286e-01 1.778016844523803430e-01 -9.919404116907454272e-02
# Ядро сверток:
-4.107427768902628500e-03 4.231639676297431762e-01 -1.969662252283401471e-01
-2.859093326331642038e-01 2.299507213495166347e-01 1.574394468633565081e-01
-3.836471531957583170e-01 -3.667804719687995374e-01 -3.586379832765941855e-01
# Ядро сверток:
-7.838964162944445091e-01 5.287258682555807665e-01 2.641663990420359820e-01
-4.560532514617043343e-01 -1.536446235485116329e-01 -4.496801001096896178e-01
-5.526446309677981450e-01 2.086604591046769264e-01 -2.432160946401631940e-01
# Ядро сверток:
-5.873135020145099361e-01 -2.691016074118740553e-01 -3.367909454908347699e-01
1.482575083266728655e-01 2.013802423864610447e-01 -6.619952297171189937e-01
-7.593957798100690049e-01 -9.169773331390785875e-01 4.145797433994042880e-01
# Ядро сверток:
-9.156332762004677772e-02 -5.716472710340556596e-01 -1.482668066175209798e-01
-3.566437495816914272e-01 5.380033648127187096e-01 2.848826034958732434e-01
3.108061678844125097e-01 -2.456077593373009460e-01 -3.819642376199008371e-01
# Ядро сверток:
-1.630739378467170597e-01 -8.236490617181932983e-01 -2.992155803850001239e-01
1.946255005146798056e-01 8.175773161995525395e-01 -1.168832555213939611e-01
-4.534843764165079616e-01 -5.232390206156953827e-01 -1.414746812367793094e-01
# Ядро сверток:
-1.995830201754573638e-02 -8.731091604414767948e-01 -5.628709322186910002e-01
2.747098537811669128e-01 -8.843943651562978514e-02 3.519888444232937563e-01
6.562005195367107135e-02 2.310606522309787136e-01 -5.144170200471493981e-01
# Ядро сверток:
1.124099019203359667e-02 1.806308163439091430e-03 -6.209692988275922199e-01
-6.323307208814796798e-01 3.620863494471526223e-01 3.635362994123551572e-01
4.660352527286869551e-01 -4.780958884911027384e-01 -2.032696075857179929e-01
# Ядро сверток:
-4.159953978974320621e-01 -5.420704148403633349e-01 -1.071464940205871103e-01
-5.672932710460535377e-01 -4.098510160685895909e-01 -1.365443136517954792e-01
-4.733513517947744997e-01 -1.846181692727120460e-01 -5.590200272267306092e-01
# Ядро сверток:
-2.244612684353468057e-01 -8.450128901010685034e-01 -3.125482275388864473e-01
2.591613015768228293e-02 -1.320412134709643970e-01 -3.585881225994362875e-01
3.551493889544179439e-01 -6.929024561095350476e-01 -9.584013277548515675e-02
# Ядро сверток:
-3.464089183176677911e-01 -7.707226562519864377e-02 4.592477919197354708e-02
2.696907602266633841e-01 7.806722686011961787e-02 6.551488502970266581e-02
4.487633151004757903e-02 2.379004515063114777e-01 -1.470642317080523287e-01
# Ядро сверток:
-3.292658690521813591e-01 -2.219638695554414509e-01 3.789740809287370782e-01
-7.776167123021432426e-02 -8.097014063729217337e-02 -1.822416650257587256e-01
-3.554190242364733687e-01 1.907720763160057897e-01 2.147783537358112227e-01
# Ядро сверток:
1.731062605375627561e-01 2.519904569494174629e-01 -1.914266263147340608e-01
-4.896239957034347057e-02 -8.427438323545960452e-02 -3.806999106030776320e-02
3.619959336758794138e-02 -3.623436930503912135e-01 4.524759373435345844e-01
# Ядро сверток:
1.089725928617109874e-01 -4.992912175712438394e-01 -3.075688804528483589e-01
-2.148042373037680475e-01 -2.917184191696862716e-01 4.074054665606818837e-01
-3.028906135285748258e-01 -8.958548133979618022e-01 -3.991354640877330939e-01
# Ядро сверток:
-8.637312058790592995e-02 -1.121773057089852921e-01 -4.620528646883102081e-02
5.213613692602661054e-01 2.305804930260306820e-02 -2.977170265471339450e-01
2.328246940290910061e-01 -4.876772937863402269e-02 -2.889084836815800084e-01
# Ядро сверток:
3.311382491781133530e-01 2.099448641748200561e-01 -4.421221460649779056e-01
5.295706879703616643e-01 5.909652592823370076e-01 -4.934364618483007559e-01
-5.102761823378861861e-01 -4.374819379086822280e-01 3.472000472921310532e-01
# Ядро сверток:
-5.508369714187768551e-01 1.945846057008286389e-01 5.240891904431320691e-01
3.614351116756525095e-01 -3.732765983110013508e-01 -2.908519969393789095e-01
4.760263929844477659e-01 -4.144960263581010662e-01 -1.796256435697704545e-02
# Ядро сверток:
-5.985127386734857557e-01 9.241003364479692325e-03 -2.362546989802167818e-01
-2.234917530116200830e-03 5.441962971113909614e-02 1.903470132670082374e-02
2.883543377259473739e-01 4.776830675514795455e-01 -7.416741730102247021e-02
# Ядро сверток:
2.044661049407963949e-01 6.887600926781445310e-01 4.828539654811807580e-01
-1.973114292100706657e-01 4.804378282939570505e-02 3.773486320505092251e-01
2.420178569081447018e-01 -1.849423074865105265e-01 -1.544000123169545768e-01
# Ядро сверток:
-3.631727856465399862e-01 1.416014838185683800e-01 1.587620080995897909e-01
2.699895949640292447e-01 -1.319562113652180714e-02 -4.870039582059754873e-02
5.648429449042962069e-01 -5.786217017958792536e-02 -2.665620224812670913e-01
# Ядро сверток:
-1.652400287592066530e-01 5.814855376821181920e-02 -5.661095062881105200e-01
-3.486755029426006902e-01 -2.956876922174698219e-01 2.720691434353982308e-01
4.381799355379034644e-01 7.725615990626035108e-03 -4.017364587314243285e-01
# Ядро сверток:
-4.345944130363727509e-01 7.187126276254710011e-02 -4.723911549315648051e-01
3.913946219697425621e-01 7.714466619893432797e-02 -1.083936970910810982e-01
-1.886103338968740939e-01 -1.489756688143333832e-03 -1.008349605359849625e-02
# Ядро сверток:
-2.997123956163976755e-01 -1.870809620550729357e-01 -4.476859644412145567e-02
4.361204482465059762e-01 1.718008076442374410e-01 4.414274166854139092e-01
-1.919777824037538494e-01 -5.980191123556526794e-02 -2.841290564488028747e-01
# Ядро сверток:
-6.076827885724961353e-01 -2.373509277652937621e-01 -4.059040359397180220e-01
3.667620877095733034e-01 3.336054185658897664e-01 4.495184666884878832e-01
-3.355925185598531823e-03 1.950204163352491638e-01 -2.691642303388039892e-01
# Ядро сверток:
-5.733036945688316788e-01 2.185304665589604123e-01 2.550835276578961586e-01
-5.138625886794131459e-01 -4.013323971682855595e-02 -1.202743826304994157e-01
9.937188629499903170e-02 -2.679273570864137977e-01 -5.110903677379474708e-01
# Ядро сверток:
-4.431058427820837309e-02 -3.216958948211844360e-01 1.269056167547044367e-01
4.039564222369993463e-01 -3.318632955885753577e-01 -4.954098247294879132e-01
-3.838954867382706193e-01 -5.068049048251831445e-01 -4.568113668087147583e-01
# Ядро сверток:
4.213552975280159818e-01 -4.525427112913268934e-02 2.011055522433198017e-01
-1.868434463722161987e-01 8.969363678611332880e-01 -6.131697885168125861e-01
1.841511903469115752e-01 6.829484787493795839e-01 -3.249672323709228983e-01
# Ядро сверток:
8.384081047460131830e-02 3.045117351494138272e-02 1.619921322444248246e-01
-3.294144939361424718e-01 5.225786653123821734e-01 -1.364134541235779464e-02
2.231860402652530162e-01 2.467049821096128359e-01 -3.623480216613025329e-01
# Ядро сверток:
8.257682823869612332e-02 -2.340444326522561069e-01 5.887222360634895152e-02
8.959302028189194966e-02 -6.898265504985234831e-01 -1.560078453105895047e-01
-1.472171989071976717e-01 1.488311087945716482e-01 1.552692820944635566e-01
# Ядро сверток:
-6.440490693281477608e-01 1.708620323975727218e-01 -6.256681832488666939e-02
1.013742855570070739e-01 2.896716701743556333e-01 1.934676070813639848e-01
-3.404327019502149665e-01 -9.401016103678040414e-01 -2.991253055548135920e-01
# Ядро сверток:
4.550077135953120022e-01 -1.815547984814178395e-01 -1.714804374380548835e-01
-4.294993418907878668e-01 -1.298708830635726501e-02 -2.134045819448276426e-01
4.221502576994211609e-01 7.976202782610718189e-02 -3.179166980173812607e-01
# Ядро сверток:
-9.122150055243839484e-01 1.832134640267017445e-01 -1.504847520842632624e-01
-1.664284625892475666e-01 3.939372239652959296e-02 -3.159886873568562016e-01
-1.616343476627635500e-01 -5.782837861384711869e-02 -1.507147013220367093e-01
# Ядро сверток:
-3.287217293616283564e-01 2.717527234549162451e-01 -7.103961074588792390e-02
-5.548097306643468007e-01 1.504517259752394254e-02 -3.649545176647540634e-01
-9.052240725480467654e-02 2.229849758791069836e-01 -8.450281229915433956e-01
# Ядро сверток:
-3.411990537649155497e-01 -2.664465217011115494e-01 -2.606104235301779926e-01
1.516798181968786741e-01 -5.104705835222749233e-01 -2.511470956820929246e-01
-1.997438657306838672e-01 -1.034557506440539898e-01 5.874679106895531744e-01
# Ядро сверток:
-3.191335609473931467e-01 -3.996585460380082111e-01 -1.155242548872674642e-02
1.734501660919192945e-01 -1.716281350563050867e-01 -4.187286184866684247e-01
5.464703367140046897e-01 1.213203877889434956e-01 -1.381360118264638726e-01
# Ядро сверток:
1.953807452362203156e-01 6.076066572535156890e-02 7.527712390361604444e-02
2.341323885074320932e-01 -3.436035577156201781e-01 -2.285717416355275977e-01
7.706152959652921852e-02 5.604840837774604373e-02 -1.988498453980061254e-01
# Ядро сверток:
1.732056191530579048e-01 -1.043710731650474011e-01 -1.507550889139528116e-01
2.126167730101754805e-01 -4.666260506622834092e-01 4.274235575481044602e-02
-7.891634832619821571e-01 -4.046923151024721110e-01 1.860036632396992740e-01
# Ядро сверток:
1.140358144377205535e-01 -3.758593367404149399e-01 -1.833663515918595999e-01
-3.592659763981257970e-01 -3.980364333628508278e-01 4.545904028613697266e-03
-6.990374227531476192e-01 -2.303057034028696271e-01 7.942493016754886836e-01
# Ядро сверток:
9.883928683692118355e-02 8.996611724001840615e-01 -3.066855505902193468e-01
1.333582215316650096e-02 -4.081496871329673426e-01 -8.852024916267574595e-01
-2.152608696855845549e-01 1.789861089432260577e-01 9.879826776836019009e-02
# Ядро сверток:
-3.261669857059751321e-01 -9.495129553598891103e-02 2.438402942089488712e-01
3.690582677723210914e-01 1.622286412327341720e-01 -2.875256884967515858e-01
-5.925185149836346976e-02 -7.803484108671765451e-01 6.180770841611950006e-01
# Ядро сверток:
5.869467222411545171e-01 -1.811492774462115929e-01 2.570213568239707036e-01
2.552631626904214857e-01 -1.090733602707138865e-02 5.608961594595891498e-01
-2.453731486176843613e-01 -3.702322135793451596e-01 8.198639635266563586e-02
# Ядро сверток:
6.891626965306486552e-01 1.859238926391150182e-01 -3.592053476113109267e-02
-6.818678035437876206e-01 -6.425237815596653024e-02 2.669891861836136693e-01
-7.110469614734395150e-02 -1.275453367538481875e-01 -1.316812111693834442e-01
# Ядро сверток:
-2.084810226645628095e-01 1.012803532085739117e-01 -3.196716477050987604e-01
-2.445372479510251051e-01 -3.046359616206851806e-01 -2.586737579155081734e-01
4.364687332285981936e-01 -4.728737494951491815e-02 3.172620797337111220e-02
# Ядро сверток:
3.963824510747983310e-02 -3.525180904768606127e-01 -3.825978713661563196e-02
2.723437617782939468e-01 2.756689834484162827e-01 3.978167321794568445e-01
4.969546036315413140e-01 2.761462951448709000e-03 6.285217770278258773e-03
# Ядро сверток:
-3.625043483041570092e-01 2.425391989862386577e-01 8.531372107200355104e-03
1.349441272812204606e-01 1.708935706569205681e-01 -1.491177176271476883e-02
4.524095644534270599e-01 2.344500783674267619e-01 3.638005084191248684e-01
# Ядро сверток:
-3.739832136524161577e-01 -5.099593039144231232e-01 2.591649660871206406e-01
-1.011028423412061450e+00 -2.823417839082078551e-01 4.081962962159467745e-01
-1.578041902373213956e-01 3.729882448476456447e-01 1.780920761276992559e-01
# Ядро сверток:
1.113322873175210531e-01 7.735743281210822886e-01 5.128389938592682329e-01
-3.205031766752497457e-01 -1.376079083584847741e-02 1.635232672685451027e-01
3.273119660045220591e-02 5.949086464597959090e-01 -7.545353619245187549e-02
# Ядро сверток:
-1.554036264242300847e-01 -1.770631248005152258e-01 3.010922033077840232e-01
-2.976086369689153743e-01 -2.993420331194617257e-01 -3.563875914358178854e-01
-1.952922287169651661e-01 -9.903108212756549233e-03 -6.058403757303686132e-02
# Ядро сверток:
1.540757972526066721e-01 4.562437553536079909e-02 -1.882727593544958056e-01
7.176022395986107749e-02 4.470886076171121659e-01 2.712829946070077769e-01
-1.075751617969614715e-01 5.569455355588321943e-01 -5.599236860520431236e-01
# Ядро сверток:
-6.778158579928309502e-01 -1.532627692319961099e-01 -8.087480032527392948e-02
-1.128787046001870770e-01 -1.767648782536837826e-01 -9.519411729139973244e-02
1.889619850208445750e-01 -3.470844219102135475e-01 -1.222116399414076571e-01
# Ядро сверток:
-1.013858459487799957e+00 -8.110868483551549879e-01 -9.638183870830293598e-01
-6.146500526991407476e-01 -3.440475604920288921e-01 -5.540790401452272418e-01
-9.760985381769859970e-01 -6.118027320647311251e-01 -8.017685832898093778e-01
# Ядро сверток:
-4.618277715336835398e-01 -4.131043478945483627e-01 -2.664854522046066210e-01
-7.605983087370061790e-01 -7.115903982019203267e-02 -2.029934441486006547e-01
-1.494128806529717024e-01 2.726699361466858873e-01 -6.292715498686171083e-01
# Ядро сверток:
-1.509119760512972253e+00 -2.032401999487781108e+00 -2.606756711450337605e+00
-2.258024635140133629e+00 -2.172043078085893697e+00 -2.132852174129345357e+00
-2.148145122863126311e+00 -2.065194362399945582e+00 -3.221322144702714940e+00
# Ядро сверток:
-7.375341452474886150e-01 -1.122372453961524741e+00 -6.224474066623691959e-01
-5.839615439409796549e-01 -5.905407161411276862e-01 -5.520559463190315430e-01
-5.137967789357693604e-01 -8.234145309319320649e-01 -8.088573140731414313e-01
# Ядро сверток:
-2.961102877218936280e-01 8.114484185184114851e-02 -5.105389119993836849e-02
-3.654855405344630825e-01 -3.250342459593921207e-01 3.511896789172058164e-01
1.483123035846682092e-01 -1.627594709565621522e-01 -3.057423880269307670e-01
# Ядро сверток:
-3.205663054058150441e-01 -4.802967279477208806e-01 -4.692787694712680091e-01
1.961056234729063319e-01 -5.731928478424077600e-01 -2.897173798108543252e-01
2.466208673343702612e-02 5.296865059239930229e-01 -5.950135441639504696e-01
# Ядро сверток:
-2.509567376432443320e-01 -4.299487712686245744e-01 1.396672626417824747e-01
-2.566649516910179951e-01 3.804931073779930784e-01 2.660596772985522329e-01
-4.177685057911968425e-01 4.258631222885881362e-01 -1.455206682262482898e-01
# Ядро сверток:
-3.855366465386211305e-01 -8.459749494291882721e-01 -1.095426933145353110e-01
2.793201516691724146e-02 9.018015479973809367e-02 3.260486251217646902e-01
-7.738177041904005238e-01 3.277677115628306603e-02 3.525908621037258661e-01
# Ядро сверток:
6.202574605341261427e-02 -7.932492369931405662e-02 -1.629723640329735768e-01
-1.450042027455562266e-01 2.336751211573697973e-01 -3.012573774397844795e-01
-2.450683010514730642e-01 -8.213051263384122391e-01 2.768029242510195442e-01
# Ядро сверток:
-1.760775088588241721e-01 6.674914072741965076e-02 -1.931276670159605413e-01
1.744543624805305060e-01 3.434450862767458174e-02 1.648329408817989644e-02
5.257197726099546720e-03 -4.475888676422254409e-01 3.748297780596181877e-02
# Ядро сверток:
4.714976891654712454e-02 -2.430971849463545720e-01 -5.182934878189764394e-01
1.729187413475757051e-01 1.137904398439564327e-02 -2.675693872431211470e-02
-3.547902417445674694e-01 3.090549390744795066e-01 1.680733926390357846e-01
# Ядро сверток:
-5.260599561461340445e-02 6.531097237700000946e-02 -8.865902774554970667e-02
6.662468785995769860e-01 -3.414148963941447956e-01 2.249187499774228383e-01
-4.591148104645125239e-01 -9.335816300823880642e-02 3.173759365477339389e-01
# Ядро сверток:
-1.148695446636878448e-01 -9.718604368940163274e-02 -4.928907977001908969e-02
-5.466748045151064161e-01 2.335402943449834956e-01 3.415306615395296008e-01
-5.771191995771449701e-01 1.620193162464659276e-01 2.414207475412250559e-01
# Ядро сверток:
3.736628757165890158e-01 4.910119933369923584e-01 3.957783038904702511e-02
-3.858820549500357466e-01 -5.420290960524735135e-01 -1.164886312810382574e-01
8.833100317250326683e-02 -5.031207074006905922e-01 2.905287217820427537e-01
# Ядро сверток:
3.204763811155759146e-01 -5.149905152126429408e-01 2.801686162094690902e-01
-6.989768739203710002e-01 -5.324143061421146017e-01 2.970787359844968833e-02
2.914502087759134399e-02 2.505273977728472712e-01 -6.188488218600018964e-02
# Ядро сверток:
2.463047258397696448e-02 5.894830502292868618e-02 -2.722507027443605288e-01
-1.341257022761775664e-02 -4.097559444439194398e-01 1.306353347959469391e-01
-1.992111013645474771e-01 -5.280455456006016846e-01 -1.447987266480875723e-01
# Ядро сверток:
2.851596513871680894e-01 4.255727180818515976e-01 7.772848668799189897e-02
-7.669266965857525487e-02 4.456135904238371359e-01 -9.437709331533282453e-03
4.963406549464366435e-01 1.033841083111222831e-01 6.650818424189329503e-02
# Ядро сверток:
9.795273905217959098e-02 3.184300067696546610e-01 -1.674697061071533932e-01
8.655351238604809538e-02 3.656967014613229927e-01 7.027763417026750004e-02
1.129186669925580783e-01 -4.051186102069728734e-01 -8.683132770755797036e-02
# Ядро сверток:
-3.384044787701934731e-01 2.794582976994438792e-03 -5.162749634589979264e-01
-1.350579630950918611e-02 2.095413610562336382e-01 6.139063019255474041e-01
3.651299821408161145e-02 1.057539722445266644e-01 -7.619308219874656452e-01
# Ядро сверток:
7.998463632900788822e-02 -4.349024210952076586e-01 -3.286201098132323084e-01
1.753701300891561121e-01 4.734502641972819503e-02 4.515450389635531497e-02
-6.989771507117775728e-01 4.939251626270439732e-02 -5.131032054508952722e-01
# Ядро сверток:
-5.271031284059150002e-01 -5.277552044052037650e-03 8.101940804609488733e-01
1.471345378599300258e-01 -7.738100161529493093e-02 -1.141585569110670911e-01
-3.130405755285451952e-01 -9.440412936085788020e-01 -1.699389458953367866e-03
# Ядро сверток:
-5.036275912573579677e-02 -4.006178809512720984e-01 -1.337825981349829441e-01
-2.739119453240368429e-01 3.875275830775641306e-01 1.138164363018279585e-01
2.328150140741646890e-01 -2.659983267833288534e-01 -3.502375441713255488e-02
# Ядро сверток:
4.337202537784902168e-01 2.936319617366069390e-01 1.073738538534854819e-01
-4.546612388611460109e-01 -2.598739026357928528e-01 4.557209045917461759e-02
-2.405041403932786925e-01 1.966390771811574179e-01 3.592241017057641594e-02
# Ядро сверток:
-8.597427388915464264e-02 -4.325597728859356672e-01 1.910170947239995393e-02
-1.048732550393349117e+00 -3.279478929867560844e-01 1.469286403394372553e-01
-9.099940439521014834e-02 1.068194836774482995e-03 -1.246390544531915529e-01
# Ядро сверток:
-1.749296688135174582e-01 -3.778796636685390342e-01 7.072028317536296349e-01
-1.893727903472622320e-02 2.797827628730076843e-01 -5.389891302388440941e-01
-4.027697999261432571e-01 -7.593378008620686737e-02 9.030808215458392685e-02
# Ядро сверток:
-1.673070159171885785e-01 -3.162712896788760775e-02 2.272621130675064327e-01
-4.314297623539699034e-01 -3.457231677343793885e-01 1.569920943111037803e-01
-4.903067052194554631e-01 1.375045509463372340e-01 6.574415145602192923e-02
# Ядро сверток:
-3.614114232528624626e-01 2.760836893428183503e-01 1.317763298078208078e-01
7.968067293330190204e-02 -3.946075241481085127e-01 -4.559427221317741696e-01
1.010829477521201641e-01 1.677848359551852020e-01 6.368451268275313049e-02
# Ядро сверток:
-1.048452525685771297e-01 -2.308217834843036276e-01 -4.498311851186686527e-01
-1.404998804905865095e-01 -3.998301985895604815e-01 -2.359534387317429316e-01
-5.500154082655450694e-01 4.927159748229981706e-01 5.693178432221326357e-01
# Ядро сверток:
5.655567553328420122e-02 7.535849832757637312e-01 -4.857838465592415611e-01
-4.155797487327179129e-01 1.594107465487567543e-01 -7.202324133678580376e-01
-2.066588099337172690e-01 1.690426660920402446e-01 -6.372259323721096713e-02
# Ядро сверток:
1.619921248263225810e-01 3.786829723277015947e-01 2.680319059127089787e-01
2.803397103000252466e-01 -2.521869014524078523e-01 -1.946576203019971807e-01
-2.628875417238828865e-02 2.239897221550692652e-01 -2.564122979271309388e-01
# Ядро сверток:
-1.115803019580080546e-01 -4.003342265177949333e-01 -7.126554138097314361e-02
-7.930762044064504357e-02 -9.023392953005705541e-01 2.879818972794378484e-01
1.634483802635443295e-01 -1.133462496536448011e-01 -4.747571709508083271e-01
# Ядро сверток:
2.078823693235454587e-02 -2.666417314523854623e-02 -6.725770925790873767e-01
2.822172859499113007e-01 4.143418660381050223e-01 -3.743792959064948245e-01
-1.775148282807099132e-01 -5.316910479929133349e-01 -9.965873856647895768e-02
# Ядро сверток:
1.955418320544531352e-01 -7.383474135368696123e-01 3.853636896191447447e-01
3.433331064383633446e-01 -9.304587686151239989e-01 4.770224499919710481e-02
2.978598011252289179e-01 -7.527148603360875323e-02 -4.424837603470944125e-01
# Ядро сверток:
-2.221306088182553595e-01 4.780755340474167614e-01 -3.745939065040361227e-01
-4.121015797976500528e-01 3.150613930489021275e-01 -3.044801864861326202e-01
-7.143029682248089318e-02 -2.279507754291495714e-01 -2.960110630679563259e-01
# Ядро сверток:
-5.325961226523482361e-01 -3.892141906763221249e-01 9.384968065427384473e-03
3.464632849326583774e-01 -4.250868303768606804e-01 -1.805311881916777661e-01
1.295518398250618819e-01 -1.589368694335217269e-01 -2.965106535696343960e-03
# Ядро сверток:
-1.796296891540792584e-01 -3.345433716527731471e-01 -8.704280581774787029e-01
-7.782874482979632580e-01 -5.927571877453515770e-01 -5.080756393908989477e-01
-8.299050530359819433e-02 1.267022087758689075e-01 -1.888214898171662603e-01
# Ядро сверток:
5.018644061071018958e-02 -4.625622443283452512e-01 -4.411268847334063881e-01
-1.386746745851470675e-01 2.935260039542657573e-01 3.197343193580587939e-01
2.935032776183972292e-01 -1.349017032644817815e-01 -5.380113627169326174e-01
# Ядро сверток:
1.790223853397728826e-01 -6.364467902963665165e-03 -5.125653823944106291e-01
-2.256338994129729880e-01 -7.456605045970085555e-02 -9.260291018944499797e-02
-2.943806003027399920e-01 -1.205170384097493219e+00 7.020058708438717820e-01
# Ядро сверток:
-1.135107361081365840e-01 -4.256443400666578558e-01 -3.633389107412809960e-01
-5.986274533140364396e-01 2.497059822747806079e-01 -2.778635561750614213e-01
-1.684699253707414857e-01 -1.288482481565213777e-01 -2.154423554514250938e-01
# Ядро сверток:
-7.877138101559147954e-01 -7.481248700506638594e-01 -7.009514024791618780e-01
-5.918934416592221970e-01 -2.859201958122661313e-01 -4.287253268700261244e-01
-1.354215910286548849e-02 1.694603161266705349e-01 -4.453012880345586511e-01
# Ядро сверток:
2.304295373389830537e-01 -3.798486776903799989e-01 -5.279888189987113067e-01
1.340475749475448786e-01 -1.321452536851199511e-01 -4.191275220753910569e-01
-2.329387519195259548e-01 -2.525303656503302685e-01 2.112922540739262459e-02
# Ядро сверток:
-1.901616316116525596e-01 -1.098097250243453699e-01 -1.097969202588106929e+00
-6.659495297080759990e-02 3.753339247685071323e-01 -3.805170546011398813e-01
-5.260195973912910050e-01 5.742281691262293153e-01 4.310372629232357977e-01
# Ядро сверток:
-2.281461068078962928e-01 -1.859405621694711075e-01 3.417910952131789082e-01
2.113198372895152277e-01 1.945214400226944751e-01 -7.673800471975052995e-01
-3.569862261080425370e-01 -4.522114953029705148e-02 1.509365919383570953e-01
# Ядро сверток:
6.494165560942913307e-02 2.016685022271706429e-01 -6.283192414053311303e-01
-4.407137464154791129e-01 -4.961165012794908069e-01 -2.436291689218353373e-01
-1.846149220463839669e-01 2.204379901267316255e-01 1.067347003032064201e-01
# Ядро сверток:
-3.482258803609630782e-04 -2.249598483197818022e-01 -2.184392013542976047e-02
-1.055360368445397087e-02 3.961064971038885663e-01 1.150771788012462798e-01
-1.819104808706184795e-01 -1.597184499460638230e-01 -2.165873325869469845e-01
# Ядро сверток:
6.823686776698703604e-02 5.743051752358930839e-01 -2.383964080287287735e-01
8.867846805726517512e-02 -3.136640753602517595e-01 -2.973600185867835144e-01
1.474893444854836755e-01 4.119496527924183527e-01 1.603296530438086676e-01
# Ядро сверток:
-4.726410237976978457e-01 1.342245195349408560e-01 -5.177543859198667775e-01
-2.500983213763921520e-01 -7.130489853485714180e-01 3.452769688868030928e-01
3.977665017328699815e-01 1.544968834635000177e-01 -3.566525531820495809e-01
# Ядро сверток:
-2.092913227663317499e-01 2.198846431629053119e-02 -3.940860193707065862e-01
-2.177863745897206105e-01 -3.372660936633847251e-01 -2.339018402011491249e-01
3.448552574851553865e-01 -3.750098738882667870e-02 2.410513554462046237e-01
# Ядро сверток:
2.874166450435868339e-02 8.410889350167699563e-02 -1.344316015549566201e-01
-4.069323705949046688e-01 -1.857866966447372509e-02 4.682426127555820439e-01
2.181590304119169210e-01 8.699733551885699759e-03 -3.241015618903645423e-01
# Ядро сверток:
1.702570665945370432e-01 4.231478848155623695e-01 1.195205498114622761e-01
-3.828913072028646836e-01 3.374252264615823504e-01 -4.510633130972153126e-01
-2.052933866511152394e-01 -2.146001063794039931e-01 -1.265405874646743645e-01
# Ядро сверток:
-6.998522606206955543e-02 -1.879523689266121567e-02 -4.110221454847721723e-01
-3.516460251851476204e-02 1.104096463889486512e-01 -1.943577186535462020e-01
2.209750963943445945e-01 -3.508090443874275488e-01 -1.747275279797785019e-01
# Ядро сверток:
-8.741119363830299749e-01 -1.305668296139458340e-01 -3.159709941922800953e-04
-5.398220373800642902e-01 9.030089339653313285e-02 2.274968471398000069e-01
-6.939575466874184362e-02 -2.280061534965541203e-01 -4.767266203760434640e-01
# Ядро сверток:
2.730012876219194418e-01 -4.636600869404888109e-02 4.436616838085454262e-01
-4.564164292940461193e-02 -8.241205150486534403e-02 5.382002906463756453e-01
2.207398347673565353e-01 -2.625757016311547898e-01 -1.623346692408938752e-01
# Ядро сверток:
-9.040199195742004701e-03 -6.022514001763453750e-01 9.868634478912437225e-02
-3.057928816248520754e-01 2.599596728934389089e-01 9.442526957284679001e-02
-1.400685597527637216e-01 3.349652605298546471e-01 2.385740156605959117e-01
# Ядро сверток:
1.221052886709989987e-01 -3.721446866296800327e-01 -4.191434072686646695e-01
1.062433043485862649e+00 3.203394414094723475e-01 -5.464539462459074848e-01
-7.109459987627151367e-01 2.321739345710259195e-01 -2.103206193768952237e-01
# Ядро сверток:
-1.208805614181686222e-01 -8.457489410405740760e-01 -1.455624244363085684e-01
2.246933537786424406e-01 -1.404665588052560199e-01 2.254721637677437329e-01
2.620600146706998923e-01 3.253120620594595475e-02 -8.609255351813517240e-03
# Ядро сверток:
-1.400640802977461297e+00 -1.046463158076704980e+00 -1.565528941742410973e+00
-1.291423614882006632e+00 -2.383712036487403374e+00 -1.985567730363877681e+00
-1.955240711839104639e+00 -1.846447708480366545e+00 -2.041916155201054739e+00
# Ядро сверток:
-8.989222636334979200e-01 -1.508788327527566496e-02 -4.472121695540166586e-01
-2.173433747931473037e-01 -6.053162682945257833e-01 -7.545527723515751406e-01
-4.090048095450700139e-01 -1.707994194489005635e-01 -6.673849634763905359e-01
# Ядро сверток:
-1.691658634053266053e-01 4.638367658210338501e-02 2.368219881472285460e-01
-3.072985392412729833e-01 -5.389602208964724417e-01 -3.010101233474311022e-01
-1.164563167615746547e-01 -5.783139562353438734e-01 3.228617815767338417e-01
# Ядро сверток:
-3.747106917041383989e-01 -6.076543660682824921e-01 4.862910506993315951e-01
2.516435212858935122e-01 -2.191525417016427363e-02 -8.132482850500351024e-01
-2.586819340064356321e-01 -3.573833830855593363e-01 4.298044990082187933e-02
# Ядро сверток:
3.284681006110951734e-02 -1.007164652989379766e-01 5.652855464359298615e-02
2.486647400675583430e-01 -4.487674319308705972e-01 3.068551509600128679e-01
2.436769658614474088e-01 -5.948707811349458474e-01 -1.975440754700096557e-01
# Ядро сверток:
-1.620665292041508498e-01 5.180656698763233536e-02 -3.384077486399539314e-01
-4.566847979559093829e-01 -2.885023173296813459e-01 1.985601242530951049e-01
3.649912809489161969e-01 -3.679060506216634274e-01 -1.711327897508514440e-01
# Ядро сверток:
-1.791691711670103174e-02 1.199607767570625982e-01 -1.048239666712790230e-01
-3.279823238858823875e-01 1.895488132884272092e-01 -2.253036415468432363e-01
-4.098212673763408920e-01 3.553627493114123737e-01 2.848287711421784024e-03
# Ядро сверток:
1.150333315650765992e-01 1.631962768969543454e-01 -3.260419690675102067e-01
2.069647057882651187e-01 -1.636203948267074826e-01 -5.493152019590036295e-01
4.284986983792207216e-01 8.941722057951718983e-02 -1.360094649634727149e-01
# Ядро сверток:
-4.921904104676922409e-01 -3.795133387536197417e-02 -2.754053916246063105e-01
4.598807711311098667e-01 3.869865440477674445e-01 -5.601794599955345344e-01
-2.262145746620539688e-01 -4.205238470485537366e-02 3.948096568040315724e-02
# Ядро сверток:
-7.397187702301623313e-02 -3.493237606052911753e-02 -2.275269797525596716e-01
-2.378848791091830450e-01 5.063913868504773541e-01 -2.049597661453312902e-01
-7.104481470577940494e-02 -4.852586212693990042e-01 -6.454120014937471117e-01
# Ядро сверток:
-3.783770809206095653e-01 -8.218275828897918245e-02 2.698697281354315441e-02
-8.506848267289265908e-02 2.292985969189463569e-01 4.660450399710659442e-01
-1.942736320864627275e-01 3.410231509931870020e-02 -2.049044011715531466e-01
# Ядро сверток:
4.813692245599186792e-02 1.197782918744204478e-01 2.608535423542879816e-01
1.211461450362308068e-01 1.076089101916579416e-01 -1.064118797597165579e-02
1.286820257245153976e-01 -4.312977671458002593e-01 -8.150475783136662544e-02
# Ядро сверток:
3.570772800446759820e-01 2.862381052874418685e-01 2.781097823992100815e-01
8.464589792056855799e-01 -3.766707775119478852e-01 -9.853894596737307332e-02
5.308235017790841059e-02 5.670636661843825310e-01 7.103155793253576045e-01
# Ядро сверток:
2.989662832508059309e-01 -3.395155706803301143e-01 -3.706535959672356273e-01
5.497951781763733559e-01 -7.301761006418509836e-02 -4.574207566297329441e-02
-3.498690158858079879e-01 1.050752242117925922e-01 2.350393060638842624e-01
# Ядро сверток:
1.021592193868069015e-01 -1.300292540435057931e-01 4.278746616336235875e-01
1.305770132158995123e-01 -5.516729537872510081e-01 1.109703805751646316e-01
-7.398136253720749567e-02 3.117595130076945553e-01 -6.991686311501674744e-01
# Ядро сверток:
4.154350341579404748e-02 -8.743584437850189517e-02 7.879066615804322660e-02
2.270377836830209661e-01 -2.749828174541545378e-01 -4.001297493964030560e-01
-6.738469393279376829e-02 -1.364183263741938212e-01 -5.400006845318983117e-01
# Ядро сверток:
3.999860887805567478e-02 4.381994376825429915e-01 5.248269843379438360e-01
9.768184816178718255e-02 3.074239438352468490e-01 3.639009804753188804e-01
-1.421138721896048063e-01 2.899848361410579112e-01 3.990123623874828884e-01
# Ядро сверток:
3.225242535196956584e-02 -1.225995417382830383e-01 4.449087363779913873e-01
-1.373761664668459448e-01 5.522426858224283724e-02 3.009117594017797215e-01
6.559274261706621312e-02 -3.242728426004621300e-01 4.340975547018929848e-02
# Ядро сверток:
4.795522603689573726e-01 -6.281547491799860383e-01 2.807389363547945216e-01
-3.050787389778679137e-01 1.691717950622524114e-01 -4.153414465910124087e-01
-3.044321908184969283e-01 -1.334603698601462829e-01 5.634384853979995667e-01
# Ядро сверток:
3.920297861099761479e-03 -2.229129177706078713e-01 -2.302257895810215227e-01
-1.831533133841767025e-01 -3.241262268894684606e-01 -2.916817461789685817e-01
-2.927067165722312958e-01 -2.643152505431538568e-01 1.385144865625674016e-01
# Ядро сверток:
-5.243074038940910286e-01 -4.606201781344543278e-01 -5.464044700585463793e-02
3.107725193634507110e-02 -1.155377925143364140e-02 7.305403024694065994e-01
-2.706676599530169480e-02 -4.234501066293471228e-01 -3.171849285979013167e-01
# Ядро сверток:
1.174323473384764616e-01 6.224795255105194380e-01 -2.774809198150857137e-01
-1.328907948541985240e-01 -6.711207379547998730e-01 3.122130352230738093e-01
-1.483153826912498585e-01 -1.746594625668554945e-01 2.001809438399264340e-02
# Ядро сверток:
-1.536434115914243892e-01 3.752012001895475568e-01 1.402196049702730818e-01
-2.412157749407374263e-01 6.218160063369324586e-01 1.298451435571356116e-01
-9.637025767131252030e-02 -4.463964057646077621e-01 -2.436468651031877819e-01
# Ядро сверток:
3.858915340099863811e-01 -4.227786336496522912e-01 -4.420506672913964707e-01
3.836783465489073119e-01 1.163184897413541315e-02 -2.386323671201910912e-01
9.286544500186177942e-02 -2.004686359638579163e-01 -5.751757401848146545e-01
# Ядро сверток:
2.765926821343098752e-01 -5.848626942423236219e-01 -3.604971197376773961e-01
-5.702754479834244022e-02 -6.362984981676257645e-02 2.520216691564288181e-01
2.834104742638699284e-02 2.278983391340786424e-01 -7.061216726706804891e-01
# Ядро сверток:
3.190516297062135427e-04 -5.500328455580778542e-01 4.325324136452014523e-01
-7.056252141770902320e-01 -8.651813311655373595e-02 6.396209053204748862e-02
-2.624563337982372402e-01 -6.740683774246045146e-02 -5.199072026200950158e-03
# Ядро сверток:
2.145070889851585783e-01 -3.236433286190855685e-01 -1.139374714838587224e-02
-3.335622192491796700e-01 -2.424316130272667624e-01 8.039445747675177945e-02
-1.137847758022682426e-01 -4.162077003125284891e-02 1.960710584279304683e-02
# Ядро сверток:
-3.438960045904831397e-01 1.655143432849899010e-01 3.113898637116117585e-01
8.728568996151488124e-02 2.668508909792655093e-01 -2.291034426296504889e-01
5.670064705859338000e-02 1.210643447459489319e-01 -9.145340016304817632e-02
# Ядро сверток:
-8.128637263554707726e-01 -2.435928043938829501e-01 6.265476637153886974e-02
-2.278082792237078047e-01 -4.595437114686564128e-01 -2.707949730403893529e-01
3.173709699834008635e-01 5.506022073040186537e-01 -2.591055715808389670e-01
# Ядро сверток:
-5.141328499791703033e-01 -3.955418985979842761e-01 5.608747453494216106e-01
-6.001768356467750420e-01 -4.424339975849111428e-01 4.479049683301048468e-01
-6.301828206389279430e-01 3.267101520085355371e-01 -1.234327503131886494e-01
# Ядро сверток:
-8.439014715767990671e-01 9.154616090428122424e-03 -4.068438813145954791e-01
4.016256396733324796e-01 3.240481853607040663e-01 -5.813236589839639867e-01
-2.275909666610286541e-01 -7.954288577099192237e-01 -9.915118943817134989e-01
# Ядро сверток:
-8.084189331924274136e-01 -6.839566562005290340e-01 -2.715464642709374266e-01
-8.054238976524217275e-01 -1.324683665963226176e+00 -6.569379058578188602e-01
-7.854724906102831250e-01 -5.799614241505288703e-01 -2.263577062117832217e-01
# Ядро сверток:
-4.629591212591684379e-01 -7.854636683496126759e-01 -4.164809217583034795e-02
-1.545833409000366421e-01 -3.082199918202260802e-01 -7.194087003081446330e-01
-6.621529864616836070e-02 -7.202906224798590884e-01 -7.888511927004553392e-01
# Ядро сверток:
-3.749851186933484959e-01 5.959499800304412197e-03 4.517668773963667145e-02
-4.645403133540909613e-01 -7.619186971244451545e-01 -3.198928282293762859e-02
-9.744419077776597660e-02 -2.629663986355206262e-01 -6.440278156907953688e-01
# Ядро сверток:
1.887147756850177938e-01 3.280737510132260559e-01 1.435970448205251826e-01
3.883692753645051066e-01 -2.793850014721782626e-01 -6.170815212055488219e-01
-7.138806433584203581e-02 -5.958555127193980727e-01 -4.941327036058149602e-01
# Ядро сверток:
6.836965684832914114e-01 -6.115939049441324743e-02 -6.972135469744367153e-02
1.737539729704960512e-01 -1.460872479174855354e-01 1.749338819742518314e-01
-2.728027980624159188e-01 -2.816368604350902305e-01 -3.280764721434287212e-01
# Ядро сверток:
2.822227048252877180e-01 -5.204276512208819705e-01 -1.899364837095817160e-01
-2.208791595615408887e-01 -2.373702490113498154e-01 1.481209167360588441e-01
-5.655802457733848099e-02 6.564004904362223669e-02 7.310234803136010928e-01
# Ядро сверток:
-6.598070922212714851e-02 3.236882838753411124e-02 2.859901333357108277e-01
-5.026649886056459016e-01 -3.351682787158188348e-01 -1.102729301146443061e-02
2.476692216514012335e-01 -1.532341135484704409e-01 -1.109567125508618690e-01
# Ядро сверток:
-4.166734279101886318e-01 2.418047640184430580e-01 -4.194922291373131551e-01
2.609118459709405466e-02 2.483619669285201947e-01 -2.476967939678522967e-01
-1.516775662570812311e-01 3.280552395725795378e-01 -3.161693681197423889e-01
# Ядро сверток:
9.834445004095991594e-02 7.683026769020653846e-02 2.310712130688093724e-01
3.793640647879595318e-01 3.155796492684834198e-01 -7.870682227700478428e-01
-5.146179567073680960e-01 -5.868451595814942051e-02 -6.058505928110927696e-01
# Ядро сверток:
6.256271370067045812e-01 -3.599852284481548648e-02 -3.502506995363861564e-01
-4.140156360310688899e-01 3.076322748350492353e-01 -3.555359447640913939e-01
8.913285351166737591e-01 -4.916651240681179647e-01 -4.551581654552649264e-02
# Ядро сверток:
7.472491511980997037e-02 7.492094639936711653e-01 2.897974837493720868e-01
-2.373811395188737405e-01 2.215248513381499196e-01 -5.387846558738583758e-01
-3.264165150490658251e-01 -2.760904782450508410e-01 2.120852687656761826e-01
# Ядро сверток:
-1.553845044560330235e-01 -1.511485547258002438e-01 -5.401228727274413055e-01
-1.151618527031566669e-01 -3.824334821722034650e-01 -1.431433825173090424e-01
-4.530797753865287714e-01 2.974914488612286426e-02 1.473980441870270386e-01
# Ядро сверток:
-1.089009295578434594e-01 2.740620908389618804e-01 1.256865919916946850e-01
-1.759040208924249893e-01 -8.259719143633055261e-01 -3.152715366869213165e-02
-8.542642072693967803e-01 -3.833796291423220981e-01 3.604380141120476222e-01
# Ядро сверток:
-5.469159670914517379e-01 -4.928012375311489057e-01 2.108723491787516113e-01
1.829925165715440283e-01 -2.768057317656972827e-01 -5.065766008031106216e-01
-3.897067805601758111e-02 -2.369764636320826900e-01 -7.253266228746949040e-02
# Ядро сверток:
1.760314216192077896e-01 1.826864799429926342e-02 -1.208679024120970363e-01
8.703098461514416351e-02 8.386060614274425395e-01 8.872549603354774883e-02
-1.964178430940425046e-01 -1.984967500643674831e-01 -4.494255806508065665e-01
# Ядро сверток:
1.198985564856112768e-01 -1.989341160850935809e-04 -2.979524931621105321e-01
-2.210693148197097335e-01 8.916482552778183523e-02 -2.200913080375528907e-01
-5.412443716661247128e-01 4.227513138568710083e-02 5.077231528486546575e-01
# Ядро сверток:
-4.001436900034088251e-01 -1.020552459363416181e-01 -6.775811824371975878e-02
-2.360095441004814720e-01 -1.028191149582007718e-01 -1.602548942875355389e-02
-4.248969685869826152e-01 -3.884768418719513061e-01 6.252796096510396806e-01
# Ядро сверток:
-1.593756242218782315e-01 -1.963681551561842764e-01 -2.247082052881920478e-01
-5.674756539039777642e-02 -1.094719047861045791e-01 -5.922999754066023137e-02
5.773783001416925575e-01 -4.049093375547102580e-01 -4.043636777379597258e-01
# Ядро сверток:
4.180808947533375397e-01 -5.484371976043267427e-01 -2.104337594010324275e-01
-1.849931298119582568e-01 5.387637523963456632e-02 -8.769609644620193212e-01
-4.800734263481686304e-01 3.667180480800624753e-01 -2.300308092676400795e-02
# Ядро сверток:
-5.242184523984105837e-02 -2.730115806849713889e-01 -2.102884525845043762e-01
-5.786769236644968561e-01 -1.984162780865638132e-01 -2.840196720363272198e-01
2.363077392296309698e-01 -9.414483494606845637e-02 -1.022444729036660338e-01
# Ядро сверток:
3.607970780723400162e-01 -2.446832485488905917e-01 1.457415658628625210e-01
-2.709246184814158576e-01 -5.266315394099989611e-01 -2.547188764660207050e-01
-3.510616827918654481e-01 -1.011377047651234873e-01 -3.198087750554491904e-01
# Ядро сверток:
8.719629268781124709e-02 -4.056993163558169635e-01 -7.127403240765153858e-02
-6.234155147183034762e-01 6.025126408307773795e-02 -9.202679879422373532e-02
-1.027552407111520100e-01 -9.840266707690938086e-02 -1.389784077313033495e-01
# Ядро сверток:
-1.104372433794507335e+00 -3.143147963182565396e-01 1.173486124168260369e-01
-2.393478799186763220e-02 3.031892189174154040e-01 -9.024658446138014711e-02
-1.459402102912436550e-01 -5.321700331128894484e-02 -4.474727047505793753e-01
# Ядро сверток:
1.605163626580724812e-01 -1.465048904499675342e-01 -1.640900327690129196e-02
2.565021483831387283e-01 -7.467993063407853127e-02 4.659721806669232802e-02
-5.423051381537676019e-02 -4.730619961649856764e-01 -2.834783632338165882e-01
# Ядро сверток:
-1.968925554106811526e-01 -4.476179603636383786e-01 4.764672469220769258e-01
-7.728605721960949415e-01 -4.481624705861254887e-02 -3.179489371063411451e-01
-3.112185258630643658e-01 1.000544999415164948e-01 -6.733420780801499528e-02
# Ядро сверток:
-4.456104875143236388e-01 -2.962549525824497154e-01 -5.142512703720075740e-01
2.757254702484987149e-02 -2.061172835816245663e-01 -2.734783532171260467e-01
2.447284255988940449e-01 -4.309410702814429617e-01 -6.783897060319385997e-01
# Ядро сверток:
-6.745699700851827130e-01 3.989338928302722520e-01 8.260206250307889839e-03
-4.535552780815619300e-01 -7.810474101693552773e-02 -1.381849569284092638e-01
-7.781645725262152646e-02 -2.414394306475708685e-01 -4.183120393942668658e-01
# Ядро сверток:
-1.696625557382510918e-01 -2.458837298145684358e-01 1.747382551983857890e-01
-1.748115529947832925e-01 -3.673435268053151792e-01 -3.315615253715623045e-01
-4.572046869306571615e-02 -2.293292139615619452e-01 -1.971864662362192711e-01
# Ядро сверток:
-1.055219215201371075e+00 3.134424118375314094e-01 -6.531201275093322378e-01
5.680358462791450513e-01 -8.047068386186128075e-01 6.158391672132151190e-02
-5.133396692727533184e-01 -5.318686665440165440e-01 -8.662826230839776320e-01
# Ядро сверток:
-8.284345910300244809e-01 -1.642704407721102822e-01 -2.744630783736585755e-01
-8.292171826317566996e-01 -1.380160952479661196e+00 -4.333655235982262766e-01
-1.037145596073643983e+00 -7.648051687306218760e-01 -6.963262285078467562e-01
# Ядро сверток:
-1.195513593380897799e+00 -1.067837684198716941e+00 -9.830125057533061206e-01
-1.276527244866217270e+00 -1.601439922770457658e+00 -1.743103132841208103e+00
-7.546236743469303399e-01 -4.410743639701598662e-01 -1.219555680557524058e+00
# Ядро сверток:
4.917825557353848742e-01 2.385735410390384670e-01 -4.943652958089152921e-03
1.952568722512385002e-01 2.150148568544360816e-01 1.767884337387818361e-01
-1.856484395978487689e-01 -1.725422338387802845e-01 2.631571144459924905e-01
# Ядро сверток:
-4.308195315297668748e-01 5.678162067668861557e-01 -1.017303299242288128e-01
-2.355855173400673575e-01 3.832009060455013882e-01 -2.925959756897115183e-01
-4.361981670269374778e-01 -5.376991316079898602e-03 -8.806552130650023569e-02
# Ядро сверток:
-7.280537772709977373e-02 -1.714754287720249293e-01 -6.094378124213348791e-01
-8.927675990580395959e-01 -2.370438744445244605e-01 -3.463839659694852857e-01
-2.434622088130271866e-01 -3.700589894950306880e-01 -2.086562626813573962e-01
# Ядро сверток:
3.928031989661725197e-03 -8.315508899267727294e-01 -1.320965798306991124e-01
8.256083232997096788e-02 9.398905049561458169e-02 -8.435164744734445497e-02
-4.627703056381631819e-01 2.856651952843805020e-01 -7.359964900799919052e-01
# Ядро сверток:
-1.261046314386174705e-01 -7.649342927408196990e-01 3.929288318659850399e-01
-1.479895950932906268e-01 -5.401988271101366978e-03 -6.425422395308291734e-02
-4.168570680783691973e-01 3.596806988038067643e-01 -1.126657516094519557e-01
# Ядро сверток:
-6.236267000477468264e-02 4.649393047417189617e-01 9.334351139818869436e-01
4.478215698036776271e-02 3.760471990481125681e-01 -2.044121621050087600e-01
-4.414769980090037238e-02 9.747416177248668934e-03 -1.050403491399561490e-01
# Ядро сверток:
-3.112876899641587314e-01 5.543504618160930431e-01 1.395337310687708998e-01
1.036341998686063914e-01 2.280791136051524282e-01 2.088281014345269582e-01
7.206920684443618441e-02 -3.172432779083900756e-01 -8.534570402851347770e-02
# Ядро сверток:
3.177900239657219239e-01 -4.997005250731515469e-01 -2.966855190680918186e-01
-3.962382816867351387e-01 -2.331954681174154276e-01 -3.116885423879110495e-01
-6.876127080321471630e-02 3.425360554499698451e-01 5.754757518662297899e-01
# Ядро сверток:
-2.731869433323288465e-01 -2.002446774199722612e-01 5.044781302783751809e-01
2.718714174393022098e-01 2.895017062311041611e-01 -3.581665075446489599e-01
-6.227575484354542362e-02 -1.133671771329771039e+00 1.693351362178498742e-01
# Ядро сверток:
1.124852615253971178e-01 -5.845540590507213308e-01 -4.032513390899180594e-01
7.085139977637026076e-01 -3.835365220479821646e-01 -2.709256365685388523e-01
-8.435123257076194703e-01 7.997357327429090168e-02 -2.994554235985369961e-01
# Ядро сверток:
-5.363129969338213954e-01 -9.839792348130531330e-02 2.003488695285602916e-01
-1.054834422444414221e-01 4.353779245006146326e-01 3.879852937473486363e-01
2.356616235535566872e-01 7.349784364085397703e-01 -7.842898570153353233e-02
# Ядро сверток:
-6.191438331137925077e-01 -4.879702629071370756e-01 -4.476881738793491716e-01
5.340118485326350584e-01 -1.014465098345298660e-01 -2.023090047681879999e-01
-3.216389006009380269e-01 2.381434491558989675e-01 6.851667071772984396e-01
# Ядро сверток:
-2.456236316702599121e-01 7.066046063003714184e-02 9.070791276158321481e-02
-8.736653715414302024e-01 7.533592303814555524e-02 -8.531208910069450202e-02
-4.051412754011211592e-01 8.201231932685890125e-02 3.888042651510685219e-03
# Ядро сверток:
-1.992628104662521049e-01 -9.483518733538129908e-01 -2.098277023992750068e-01
-4.626142352964925097e-02 -1.733593889634215124e-01 -4.482140057587197940e-02
-6.111914589885126398e-02 3.900009440966255292e-02 8.815592983657296808e-03
# Ядро сверток:
-4.468438152352877113e-01 -2.438097318150872217e-01 -2.175509422574722906e-02
-1.514548820163658660e-01 3.219282332614297748e-01 2.015143381276858492e-01
-1.477735051669720190e-01 -4.933300335804149950e-01 -2.476075396633993231e-01
# Ядро сверток:
4.902543306286419322e-02 -6.348723556003719182e-01 -1.163372446577842917e-01
3.784775108526987064e-01 -2.964219139591369734e-01 -5.015184080653724008e-01
-6.344449281370515559e-01 -1.260645775582102356e-03 -6.463345035286615081e-01
# Ядро сверток:
-1.065320333520640012e-01 9.777001144005538491e-02 -2.845684043438832453e-02
-5.256135446008043388e-01 -6.751395486320795891e-01 3.446457997130688011e-01
1.838271957547650548e-01 3.942828559460739291e-01 -2.621584417339062334e-01
# Ядро сверток:
-6.906711700777813379e-01 -5.197494159207041720e-02 -5.006556633518405991e-02
-2.029854960358477012e-01 -2.131986254436944173e-01 1.770246462831354950e-01
-3.524843533531943907e-01 -1.572921071223081779e-01 9.069864652914531866e-03
# Ядро сверток:
-5.715336031629863339e-02 3.215039370091398729e-01 -3.115400705150105365e-01
-7.466262886415782341e-02 4.515824967278676549e-01 -1.401503723583165939e-01
-5.414651551404654935e-03 2.252471789962771365e-01 4.417397332997782811e-01
# Ядро сверток:
-6.098905011538466869e-01 -2.881569722321212224e-01 2.642236347416226927e-01
-3.308203957833281694e-01 2.443828402380034681e-01 4.239894370545056468e-01
-1.134535904162697478e-01 -7.301249269259381391e-02 6.793425047597327626e-02
# Ядро сверток:
6.542830940687268670e-01 -5.123171040501973694e-01 -1.221443249646593926e-01
2.853092304879422669e-01 1.349263099448811676e-01 -6.823201339838821378e-01
-7.657837518771252183e-01 -4.430758251538593484e-01 -1.260190249987307998e-01
# Ядро сверток:
-3.991172947435684404e-01 1.826902688187283796e-01 -3.556673128760518554e-01
6.958026379778431414e-01 -3.029840222230682500e-01 -1.113155499769983847e-01
-1.960101884055411581e-01 -1.544945046175318359e-01 7.627149143728872982e-02
# Ядро сверток:
-5.028783222589504609e-01 -5.553290570939818371e-01 5.317106117722671110e-02
-5.634271228471546822e-01 2.970954394766792128e-01 -6.081462148790893751e-01
-1.574546086197854688e-01 5.249587782559183013e-01 -2.065909721874056026e-01
# Ядро сверток:
-1.022832770142984016e+00 -6.517508304355198456e-01 -4.242461829458972766e-01
-3.420528585931246202e-01 -5.562648335048790693e-02 -6.491434378127031168e-01
-2.612543391938506043e-01 -4.497869208514393424e-01 3.392746886188963834e-02
# Ядро сверток:
-1.504286868579036041e+00 -1.106483366326888707e+00 -6.429417291917919330e-01
-7.852346149780338180e-01 -3.458707738635649065e-01 -8.995379575922233251e-01
-9.516623086092484973e-01 -7.556733014189067621e-01 -9.421941314828390368e-01
# Ядро сверток:
-7.033674990067945165e-01 -3.903337078121779102e-01 -1.464276806422467880e-01
-4.511873790613691315e-01 -2.850539883875476965e-01 -5.538776734546252412e-01
-4.820134058517421272e-01 -7.949556322056374746e-01 -2.556985715136328996e-01
# Ядро сверток:
-6.164556527544537978e-01 -1.916190406309282723e-01 -9.674270448961745927e-01
-1.114866634850036675e+00 -6.523833896164288326e-01 -5.827133008295799499e-01
-4.829714044867502443e-01 -1.139907395356166558e-01 -7.570505122492331429e-01
# Ядро сверток:
-2.717786929198697798e-01 -4.202661070106423757e-01 -4.525211625920074199e-01
1.043165214949065001e-01 -5.573152127738286721e-01 -8.131652672668802234e-03
3.724989676294077762e-02 3.030911134085804703e-01 -5.119665184605821651e-01
# Ядро сверток:
-9.493235942811641959e-01 -6.778283201221995125e-01 -5.460831761604690859e-01
-5.221967418044726195e-01 4.437835928604600411e-01 -6.314693208825154780e-03
-4.839077929248711274e-01 -5.319792119909166894e-01 3.903642871439177986e-02
# Ядро сверток:
-4.530183816458279167e-01 -6.340480377708085369e-01 -1.794475610099688645e-01
-3.648990266240003111e-01 -4.422295947544655492e-01 1.081214871318492143e-01
-5.367514926046359491e-01 -5.755684478604826682e-01 -8.498647184876164662e-01
# Ядро сверток:
-2.167561398567462438e-01 -1.894896251097931417e-02 -3.369843231358289892e-01
-3.166889882083120389e-01 -8.008813123150507196e-02 2.673312375441708189e-01
-1.341190200907976526e-01 -5.930133803704179529e-01 -3.567215777376894770e-01
# Ядро сверток:
-3.863028023638024888e-01 -6.447545818592473887e-01 -2.109873546310195580e-01
-7.406918630155823191e-01 -4.213610055832873180e-01 -4.229076276665597600e-01
-4.169488233774167329e-01 6.001178867128545641e-04 2.088633391584399368e-01
# Ядро сверток:
3.333534506755991278e-01 4.897229494406066252e-01 -1.227052403430628907e-01
1.751169633569239492e-01 1.666453141947397687e-01 -3.903878021853705860e-02
1.748503769436085820e-01 -1.764345034450695848e-01 2.388695897583653915e-01
# Ядро сверток:
9.458590058531637923e-02 -1.916686917272516499e-01 -5.339477096389446675e-01
-6.807293283197056732e-01 -6.460603997605451898e-02 4.270112950045663186e-02
-2.235044984691503533e-01 1.979434893975065834e-01 1.946524906685746792e-01
# Ядро сверток:
2.155444634645571067e-01 1.016168787045367561e-01 -2.936441641705547223e-01
-2.179147599201429197e-01 -3.029483832929749654e-01 2.474110718545113538e-02
2.323017907557700656e-01 -1.376679379721255647e-01 2.440946339756866201e-01
# Ядро сверток:
4.152505098544048701e-01 1.045260250665145940e-01 -1.573962281580638389e-01
-3.601490054892497739e-01 -2.002863742658085033e-01 3.196381718739268463e-01
-4.913097099153815317e-01 -2.174680646682404517e-02 -2.053926276648397053e-01
# Ядро сверток:
-3.020332119480605426e-01 1.189860949278413738e-01 1.070209498888555488e-01
-1.949156328854641240e-01 -2.299107350499021152e-01 -3.016016137193134328e-01
4.479624682181830853e-01 -6.502208285045510960e-01 -4.922665302041772661e-01
# Ядро сверток:
2.130949102353864866e-01 -3.099325387063480222e-02 -1.531649715827653781e-02
-3.021215341359110296e-01 7.137775985131199208e-02 4.603625824843382564e-01
-4.611613188765613380e-02 1.305406824018288114e-01 -1.234777583820811930e-01
# Ядро сверток:
-6.362515250477741580e-01 1.516870351328442890e-01 2.060441641784401257e-01
-2.317759445492037218e-01 -1.167108356079379072e-01 -2.573712323429423049e-02
-4.558140846000377500e-01 4.382701570380759736e-05 -1.543976458364466897e-01
# Ядро сверток:
-5.566146624993446590e-01 1.209673544730462541e-01 -4.260263995272992599e-01
-9.965862536952803385e-02 2.187619397811708666e-01 -1.923649283841027402e-01
1.795137566359383263e-01 -5.807385265059935575e-01 -3.289898240656094486e-01
# Ядро сверток:
4.638013876301042560e-01 -3.618422196750546993e-01 1.673496762331309548e-02
-7.612295065700759589e-02 -2.713195873145339831e-01 -2.932564270131394202e-01
-7.161376581510070505e-02 -3.373458978583891987e-01 2.987751358148015846e-01
# Ядро сверток:
-6.909459176870091923e-02 1.471382655765975656e-01 -1.472184904268040995e-01
-1.592446504560668941e-01 -3.249599932751928016e-02 3.991357878543273091e-02
-6.857419522281892055e-02 -3.289688835191364319e-02 -2.806299570172807734e-01
# Ядро сверток:
-5.469196638678074374e-01 5.366339772260635410e-01 -2.249895064478741047e-01
-3.425333625427293693e-01 9.299545833206342149e-02 -1.355662865645778370e-01
3.248095395132539198e-01 -5.441677362091912329e-01 -1.770708998816497848e-01
# Ядро сверток:
8.888237809332255601e-02 -3.552444226310702002e-01 1.865921904736766654e-02
1.307272942097109092e-01 -8.296588544768165874e-02 -1.189615108799337538e-02
-3.428952060248073863e-01 3.990132117016209623e-01 -7.840200016233543900e-01
# Ядро сверток:
-1.974348805367470150e-01 1.583620886388981686e-01 -5.038841339972651712e-01
-6.030210280627822383e-01 -1.005724205481356159e-01 7.466326760371090332e-01
-1.410014610574495120e-01 -5.367611481791888517e-01 -3.503319487432132728e-01
# Ядро сверток:
-5.383108457450092033e-01 5.482268094116007351e-01 -2.943231900664773915e-01
-2.073750280917139865e-01 -4.960843630543395055e-01 -2.693191015705479613e-02
-1.581314500127887490e-01 2.165873315055858589e-02 9.177089493656055696e-02
# Ядро сверток:
3.377007106536392689e-01 -1.851689865210209562e-01 -3.173028676874620202e-01
-6.586233526177749376e-01 -4.108513150490437638e-01 2.235295056331888797e-01
4.397665937167047900e-01 -4.478827949498680461e-01 -8.084506338516875279e-02
# Ядро сверток:
-4.562404689548436587e-01 -1.584694550505046373e-01 -3.821853114323910394e-01
-2.155784822533094447e-01 5.436877105340799377e-01 6.333050083874854908e-01
-3.505806525544039043e-03 5.510909326294933797e-01 3.359813654055904819e-01
# Ядро сверток:
6.743500807129447494e-02 6.707133179822671876e-01 -6.614049634132100897e-01
4.893147001093976489e-01 7.073672564863771328e-02 -5.731799531346083720e-02
7.669734434096538989e-01 3.733322648651937192e-01 6.349550721396477471e-01
# Ядро сверток:
3.552567168479479204e-02 -2.546194246362371016e-01 -3.307660357892336922e-01
1.612711482252841000e-01 1.452978429914326131e-01 5.194197031650661378e-01
-9.453350236800854567e-02 7.684594044043039363e-01 -1.195112104457988766e-01
# Ядро сверток:
6.158340106318790919e-02 9.838431210810913430e-02 -9.365995462315823694e-02
1.305884957892406717e-01 2.191659886519408892e-02 -9.215793396145408045e-02
-1.092269201587569988e-01 -1.930015696455941177e-01 -3.403867024918278417e-01
# Ядро сверток:
-3.081437217592545852e-01 -4.897053028425682464e-02 -1.827715405978203866e-01
-1.795853985591625568e-01 -1.252195480696888519e-01 5.929733418032474557e-01
3.363255753680211568e-01 -1.569027464784531270e-02 -2.836265764907052178e-01
# Ядро сверток:
-2.245490289240217874e-01 2.875429792356715142e-01 -2.719053006281151874e-01
-5.158659884921449335e-01 -1.808684649336387562e-01 3.179841467972527869e-01
7.481281095942993176e-02 2.997728817841476268e-01 5.864888121911168706e-02
# Ядро сверток:
-4.811114581195943124e-02 3.045159483873878248e-01 1.170256479174364844e-01
-3.928963621272736906e-01 -2.304656322377669486e-01 -1.808174637630181047e-01
-3.928850465290948946e-01 5.374912370581291267e-03 1.023166410549950361e-01
# Ядро сверток:
5.357388049415512388e-01 -3.007362009915208190e-01 2.418177330876599695e-01
-3.060426026515143949e-01 2.714510534087908877e-01 1.699212791956269258e-02
-3.335103709210909817e-01 -5.320049990922938177e-01 7.420325148375836455e-02
# Ядро сверток:
2.703529394805417319e-01 -5.655476989264737048e-02 -1.780969424976843185e-01
-2.611423019604978690e-01 -4.035974316389850935e-01 -1.863292328667599251e-01
7.064994450758049771e-02 7.607557442958148286e-01 6.437951461315024604e-01
# Ядро сверток:
-7.273665311531996025e-01 -1.623977608941816753e-01 6.578667304752201621e-03
-4.219118231819459774e-01 -6.125229551313923215e-01 -6.613337423706262541e-01
-1.007010450679782121e+00 -5.526122375386971486e-01 -6.569079678059135396e-01
# Ядро сверток:
-1.253622998006082567e-01 -7.932390028347283684e-01 -2.143605163781518996e-01
-5.862603671765270752e-01 4.382724320886999814e-01 1.285892773959144975e-01
-1.221036854014106582e-01 -6.837969026662792799e-03 -3.574518162098575536e-01
# Ядро сверток:
-1.090722142079979307e+00 -1.643154013794343227e+00 -2.047021210414917913e+00
-1.556163664028054283e+00 -1.796011111038462671e+00 -1.564854482743659014e+00
-1.247730503179181216e+00 -1.616699745758140905e+00 -1.823683608443201765e+00
# Ядро сверток:
-3.533229301135303313e+00 -3.547562729677847582e+00 -4.026255157200181678e+00
-3.363737580578145536e+00 -3.561705571164190065e+00 -3.978602966072869673e+00
-3.870147423171579781e+00 -3.660580610656043010e+00 -3.767742635057910849e+00
# Ядро сверток:
-1.181693666254715280e+00 -6.124908862642352014e-01 -1.387418418476936699e+00
-4.307450916523529183e-01 -2.057734744286661144e-01 -5.310238920050351918e-01
1.436519824518959218e-03 -7.824884125484551367e-01 -5.252644651376181528e-01
# Ядро сверток:
-2.245601183541877099e-01 -1.768620075202661790e-01 -5.532341723176256165e-01
-3.410882426329936989e-01 -3.057856489055058719e-02 7.826425447796087065e-02
-3.621059564836915934e-01 -6.339857994321439483e-01 4.285284960104841084e-02
# Ядро сверток:
-1.952374476781069609e-02 1.282977998022817590e-01 9.811229423251166537e-01
4.529063385798520192e-01 5.458222366579020823e-01 -5.355592967541152882e-01
2.231166840814666208e-01 2.285264933895907180e-01 5.611281894113120394e-01
# Ядро сверток:
-7.426560088828561002e-01 2.669620464663062798e-01 -2.332605377034802641e-01
1.547134161907001981e-01 -7.755299786287082886e-02 3.036143612793192892e-01
5.174459697693345461e-01 3.124163982397108463e-01 1.645666841227910737e-01
# Ядро сверток:
3.371704868654483156e-01 -1.269614404661268681e-01 2.436044677375683726e-02
-5.433265391854977949e-02 -1.784396640584614835e-01 -2.384329389933623200e-01
1.882921646980410257e-01 3.980799483735240063e-01 -1.119988396917480089e-01
# Ядро сверток:
6.764392725226415770e-01 4.299934497684495399e-02 7.855299903110611950e-03
-1.037572188957148062e-01 -4.695834754387665511e-01 2.864535874336515686e-01
-3.502153067124791908e-01 7.808768169545485249e-02 8.948660719330760183e-02
# Ядро сверток:
4.121871115809206537e-02 1.990873300295101234e-01 5.915159196954836718e-01
2.217470155038941126e-01 -1.568860978853869048e-01 -4.820591870137634904e-01
6.366415390145973019e-01 -2.939929566667129901e-01 -4.495865015155456890e-01
# Ядро сверток:
-2.992162617630486632e-02 -4.720651134952725259e-01 7.318623607875890391e-01
-3.221028599935887166e-02 -1.640188652789590917e-01 2.153174810683253781e-01
-2.400169402379840056e-01 1.347380143366674237e-03 -2.231190347044433586e-01
# Ядро сверток:
-5.947614592488809776e-02 1.169297606097888589e-02 -1.760096099315146267e-01
1.202205729472134166e-01 8.622276293074705722e-02 1.210600472158421953e-01
-6.949405910060673097e-01 -6.740247850040790301e-01 1.255926484705773838e-01
# Ядро сверток:
7.062952030569022432e-02 5.239681549591442000e-02 7.021568871883125673e-02
-2.486917908229160576e-02 -9.040547269140074560e-01 -5.607525979212971690e-01
3.700107436933084987e-03 5.656787820835819380e-03 -3.901551463582468848e-01
# Ядро сверток:
8.297624032361097801e-02 1.411731030331004333e-01 -5.719199634241746155e-01
1.103953296585530736e-01 -5.262126320032879390e-01 -5.619179485452143741e-01
1.499900307276201550e-01 -1.825113758523988494e-02 -1.522396680116281098e-01
# Ядро сверток:
2.719007738581045303e-02 -3.557407049080189010e-01 -2.210069752083591299e-01
-5.291960563267694706e-02 -1.845687196508241090e-01 -4.221853287605951133e-01
-4.338638601107743797e-01 6.288786706560509088e-02 -3.689998656317919901e-01
# Ядро сверток:
-1.724042582818313130e-01 9.163633786185699792e-01 3.707576957708412779e-01
-4.778729544933829620e-01 -5.233248711957856347e-01 7.907942887760250894e-01
-5.747941366107791987e-03 4.585995972852236480e-01 2.115766038522727197e-02
# Ядро сверток:
-4.276987050796540735e-01 -1.476632874042108912e-01 2.982490246079439258e-02
1.141104672938716841e-01 3.433876027072016446e-01 -1.113539595522071490e+00
1.829284080271003643e-01 1.580831131546582558e-01 -2.097420815635795965e-01
# Ядро сверток:
-1.654988371295403604e-01 -3.043112447202114823e-01 3.413945220795056024e-01
-9.042203991773255234e-02 1.559058308481916511e-01 -7.077318861535752601e-05
4.949728370515169562e-01 3.841697608494711869e-01 1.245130978555081605e-02
# Ядро сверток:
-5.205819914458008624e-01 2.340470973545314554e-02 2.820755295464167367e-01
1.344825254005820037e-01 -5.983139851123787933e-02 -8.471585026772429639e-02
-6.866583461712335579e-01 1.683619434662084746e-01 2.946823961671240499e-01
# Ядро сверток:
5.371717251093818257e-01 -4.273038514641047114e-01 2.302944277677125562e-01
-1.039321018396439089e-01 -4.449413629640780465e-01 2.447246423111868463e-01
3.018209952667029738e-01 -1.695579580497423577e-01 -2.919867921375136066e-01
# Ядро сверток:
-9.115938240442160445e-02 -3.846619645508651542e-01 3.992302134802513947e-01
-6.390380612435395125e-02 2.003119399463421657e-01 -4.325175127147999343e-01
5.769118135400318481e-01 6.008414056864460617e-01 1.742110428343117967e-01
# Ядро сверток:
-2.440952968767194364e-01 5.815501556519697690e-01 -7.879015718813028868e-02
8.658249267249902570e-02 -5.435845518418291888e-02 -1.692674685040358451e-01
9.881569260857296644e-02 -3.651366179644818244e-01 -5.490915352520041592e-01
# Ядро сверток:
3.869547725853467735e-01 2.742961509199574044e-01 5.717178335158228375e-01
-2.977473658914294163e-01 -1.169366331544798160e-01 -1.830481922065623768e-01
4.471010633331122808e-01 8.168895641610064706e-02 2.953639073864126052e-01
# Ядро сверток:
-6.296902301305401517e-01 -8.733983974708026121e-01 -2.442611584314357664e-03
-8.248301276852456621e-01 -1.043413541854009002e-01 -8.839977264749824259e-01
1.760211513395322849e-02 -6.290009370036536707e-01 4.642517406877440522e-01
# Ядро сверток:
-1.894966450250197554e-01 -1.161812326731253842e-01 -6.399042690109306708e-01
-6.026752304917765146e-01 -7.891964037350482908e-01 -1.542001507938177973e-01
3.161590804445836844e-01 -8.896521473087610765e-01 -1.406508554774580089e-01
# Ядро сверток:
4.113936241535673388e-02 -3.548938541143045189e-01 -1.071241056705220102e-01
-1.170281652663406058e-01 1.550263033991804706e-01 -4.754482222798482316e-01
-6.412373069725174624e-02 -4.963688742701102136e-02 6.345250557689990911e-01
# Ядро сверток:
-9.665750754448539928e-01 -1.301715128376580537e-02 -4.488397558202243953e-01
4.404429666453734127e-01 1.289994324410525250e-01 -2.059446229459306332e-01
6.291127457540410250e-02 1.202051316299614925e-01 3.236878440230254728e-01
# Ядро сверток:
-2.645675899484270510e-01 4.090531163767955336e-01 3.106871149123363596e-01
8.777247221436476066e-01 7.181182161055491356e-03 1.587553935077178069e-01
9.121672256135822388e-02 -2.618352365434297169e-01 -6.797035669490261167e-01
# Ядро сверток:
-3.640709584621413253e-01 -6.536665000141671233e-02 -7.449796921304783215e-01
3.531885348175817230e-02 -2.211125405737564553e-01 2.662942270993739480e-01
6.521368571437340389e-01 -1.969331711413898345e-01 4.358829401282596216e-01
# Ядро сверток:
-2.911688825161559135e-01 -3.333656426917953625e-03 4.007154314645047788e-01
3.319607432368822109e-02 -4.772687876510100513e-01 1.233766890565686780e-01
9.339536359192862625e-02 6.877518009821471934e-02 1.491287096335167928e-01
# Ядро сверток:
-2.331127006413092340e-01 3.993952930310400856e-02 -2.915169939749334693e-01
6.847053823730212541e-01 -4.512164345391533882e-02 -3.002603459611319706e-02
-9.666374404851398039e-02 -3.411312946475008046e-01 -1.660396741923743924e-01
# Ядро сверток:
-8.889397968384524784e-01 5.634734229966585906e-01 -1.658996405383399153e-01
-3.874808627012327755e-01 2.051041034719387202e-01 9.564092575617579028e-02
-8.089101828816591677e-01 -3.980866933116850026e-01 2.663873917356160970e-01
# Ядро сверток:
7.048128542674299279e-02 4.780201712607033415e-01 -4.034387973184595105e-02
-5.681156324369727173e-01 -6.353798604495723701e-02 -6.040676178768954463e-01
1.190693922139963445e-01 -5.663632848663299746e-02 -3.281227680731861329e-01
# Ядро сверток:
5.175106603543323525e-01 1.792892086567993426e-01 -2.347366300903852565e-01
3.785783884702154101e-02 -6.562513529521814271e-02 1.612572950049769860e-01
-4.359390558730590892e-01 -3.957399748997544875e-01 3.336504123473999633e-02
# Ядро сверток:
2.680238329494976646e-01 1.470669693516826471e-01 -2.097550834834176203e-02
-2.673293814315194639e-01 -2.691351562470725156e-01 -6.230761102874263768e-01
7.015265230786498218e-01 3.315274991340630417e-01 -4.497756078457629259e-01
# Ядро сверток:
4.475549623461922977e-01 -6.530411323142329971e-01 8.501517370509688309e-02
-7.776022039606023117e-02 4.930116459595749179e-01 -6.364606122350531525e-02
8.938102798892479106e-02 -9.724834276771624625e-03 3.821134485545314430e-01
# Ядро сверток:
8.672863790594906308e-02 -5.125621230766790326e-01 3.598445693838718262e-01
-5.783522803735486884e-01 9.656871717875515140e-03 -3.129780308340922301e-02
-4.764491814533919345e-02 5.139689212939634044e-02 -2.793136730756184613e-02
# Ядро сверток:
2.112727543415521547e-01 5.430950487045353714e-02 -7.302490688227628035e-02
3.414104026039983808e-02 8.457296017818027867e-02 -5.007582851200823582e-01
-4.847694505985779556e-01 5.921043184727697861e-01 -6.048394448645748600e-01
# Ядро сверток:
3.515627463080943371e-02 5.668559828036529025e-01 4.468447751833427850e-02
-2.791730215944416837e-01 -4.332277104560661174e-01 3.595508391241135082e-01
-5.220359279772671668e-01 -2.863741292041445050e-02 -2.993227568615752787e-01
# Ядро сверток:
-1.178562100753371561e-01 -3.221013814043260926e-01 -5.408662948987852381e-02
-2.852785151664727903e-01 4.094970086073772969e-03 -5.201438145528017309e-02
-6.280853750831999482e-02 3.394256241403758034e-01 -6.398212022322328218e-01
# Ядро сверток:
-2.833954493689173071e-01 -5.388864034088225452e-01 -1.435118008620754892e-01
1.526860393533139293e-01 2.646868552818553155e-01 1.268886068676874368e-01
2.383573647759899550e-01 -8.299922351031407963e-01 -3.589385063359150640e-01
# Ядро сверток:
-1.138185619774870622e-01 -8.244764536063778904e-01 -1.074762668410851746e-01
-3.124765812964462874e-01 -5.305862289711920088e-01 3.099580558829841959e-01
2.622723295965167511e-01 7.380662011110532272e-03 -2.747882006653243336e-01
# Ядро сверток:
-1.099598977994340060e-01 -8.042415994619238340e-02 -1.347931991469357438e-01
-2.367636423113283345e-02 -1.959447843659416211e-01 -5.416256895796371928e-01
2.155008218332443992e-01 8.605807673991341944e-02 -4.354077856172075545e-01
# Ядро сверток:
-1.191273224921839846e+00 -1.202687166249513551e+00 -1.329161474232985807e+00
-1.222900916338114818e+00 -6.434236550566738710e-01 -1.078290603211089937e+00
-1.651651015922774191e+00 -7.552481313013821307e-01 -1.053421717122535739e+00
# Ядро сверток:
-4.535084163582484562e-01 -1.341946421431102987e+00 -1.419876260904860965e+00
-1.498932705534955501e+00 -1.562266161384773477e+00 -1.459215340146193807e+00
-1.735016277170080334e+00 -9.570841395115845529e-01 -1.622141309415725763e+00
# Ядро сверток:
5.203368692106284943e-01 -1.089813204086339526e-01 2.902229066048275796e-01
2.667393632171699558e-01 -5.909889630012487016e-01 1.930316666421618421e-01
-5.914438361143419670e-02 4.191549012544804609e-01 -2.405359830583251313e-01
# Ядро сверток:
-1.691058353987767715e-02 5.400055979143058432e-02 5.168389082102226723e-02
-2.809105338211344560e-01 -1.528927494761726513e-01 -1.108360520215297962e-01
-5.058823999586387066e-01 5.184838120666743766e-01 -3.081251122488932737e-01
# Ядро сверток:
1.475032019497055048e-03 7.102927761884046953e-01 -3.735875832488199655e-01
5.461140306399172584e-01 -3.147549743661232080e-01 -2.615931918744450191e-01
3.126010474618905188e-02 1.650283089011906901e-01 -8.427070991049768339e-03
# Ядро сверток:
-8.098279873925078309e-01 -1.861258858953655504e-01 -3.159972246130342555e-01
-4.104139714887343748e-01 -4.625638082356917091e-01 -4.615387792955833457e-01
1.802090521587528527e-01 8.885415311586376541e-01 2.711205126448568148e-01
# Ядро сверток:
-1.240962189768941709e-01 8.457090325706452527e-02 1.108716252228805627e-01
5.443624912336249011e-01 2.626716049911484996e-01 -4.964221904158948040e-01
2.489746409387179615e-01 1.790971703517565961e-01 1.530255825932503588e-01
# Ядро сверток:
4.126325858291816640e-01 -1.321531322246519702e-01 -5.747364725499652938e-01
-4.282897348740358212e-01 -2.757561968268342767e-01 -1.895528628679369332e-01
-2.270133833165076109e-01 6.143943630933753480e-02 5.703600010503964146e-01
# Ядро сверток:
-9.160231529718663168e-01 1.600332964717145756e-01 -1.458706770668594943e-01
2.547063470096566085e-01 -9.238842708076058785e-02 -6.587263706189775414e-01
-9.835503739257492328e-02 2.768158630885123594e-01 -6.685332198225262257e-01
# Ядро сверток:
4.411928410540386647e-01 1.840647096172526587e-01 -1.078170768775684463e-01
-8.813411769231609127e-02 5.449518031994698974e-01 -3.769089994198320231e-03
-5.559946002513898033e-01 -4.009846745395747036e-01 7.969738454823931117e-02
# Ядро сверток:
-5.770632260546281200e-01 -3.051738801787093683e-02 5.278575262907950760e-01
-1.554059353547045386e-01 1.232073722845482555e-01 -2.546161850347204436e-01
1.302648349875672740e-01 -3.994434500902694363e-01 1.084095315306026763e-01
# Ядро сверток:
1.566976279914160941e-01 6.979792357213795984e-02 -3.140028080493467155e-01
7.937384859073265408e-02 -6.975666771546891187e-01 -1.399801992698796425e-02
-1.817904180251235791e-01 -1.930179070498052873e-01 -2.284128382278563518e-01
# Ядро сверток:
2.942031243738224000e-01 5.866561686413356291e-01 6.015464370480239076e-01
-4.328328803415015802e-01 -4.295552225964975324e-01 2.200589711248913949e-01
-2.485257537427592034e-01 -1.552497376275843444e-01 1.236756162443211737e+00
# Ядро сверток:
-5.306193783444492773e-01 2.722863997643811679e-02 5.839896040427763335e-01
3.028230453074484685e-01 1.902062688302640359e-01 -1.413452916280442673e-01
3.029220396024793760e-01 5.303129442931898696e-01 1.748620310444947978e-01
# Ядро сверток:
-4.944464871702955455e-02 2.646582032526809819e-02 1.727471902176904994e-01
-2.839985299477721936e-01 -2.712275602370685657e-01 -4.234370325519989375e-01
-2.071914369770569420e-01 4.600924487537905172e-01 3.812076856206002978e-02
# Ядро сверток:
-1.267593570294648503e-02 6.727492216241155731e-02 -3.854338539976010641e-02
-6.142112525105448695e-01 -2.494044428046867934e-01 3.832648607845041133e-01
2.169659007683386043e-01 -2.586276392613396369e-01 7.204121009766707370e-03
# Ядро сверток:
-3.944246221474757008e-01 -1.924733302094382703e-01 4.860502753506702467e-01
-1.082202652080649502e-01 3.345947309173814554e-01 -1.654066753696557465e-02
2.598074717220483221e-01 -6.271517672159544754e-02 2.265605232333035568e-01
# Ядро сверток:
2.699161577152686120e-01 3.378257109447848627e-01 3.529833854115618525e-03
-1.926004763447882462e-01 -4.125340138580245730e-01 -9.465650133412414902e-02
-3.146022530285361857e-02 -4.505762900860241227e-01 4.866911416710761329e-01
# Ядро сверток:
-5.055032128157280757e-01 -1.228686339559717622e+00 -1.074761551571083329e+00
-1.612309930973704897e-01 -6.894768694949734433e-01 -4.398350534769444042e-01
-1.056018980247190653e+00 -8.034246590303573132e-01 -3.048139760270446863e-01
# Ядро сверток:
-1.091524851753480130e+00 -1.026540906028842404e+00 -1.003241153767981730e+00
-1.516554242383373330e+00 -1.075921302610472141e+00 -1.362164518876411323e+00
-1.434697250372575894e+00 -1.401543965252233459e+00 -1.028865621533387342e+00
# Ядро сверток:
-3.122730412902252617e-01 1.005274131000628984e-01 1.898272261695346796e-01
-1.017846811532219009e+00 1.543810559686295547e-02 -7.710462987911512744e-01
-6.670514360576453861e-01 -4.501232781253353132e-02 -1.136288142985060062e-01
# Ядро сверток:
-3.705617614219967604e-01 -6.345770296210674344e-01 3.539601730718733297e-01
-3.336690438337833742e-01 -7.104650480582591632e-01 -4.284371825560969183e-01
-4.220119867432997607e-01 2.549774858222029761e-01 7.864538621105227056e-02
# Ядро сверток:
4.976914367566321329e-01 7.994270140486506859e-01 -3.895227587182612528e-01
-4.677180400580585040e-01 1.211889035570753587e-01 -1.044192602940502944e-02
-2.229005017990702553e-01 -2.565015514917661221e-01 -2.290564551606622257e-01
# Ядро сверток:
-4.832238274158059954e-02 9.696640968665715121e-02 -1.158967801484436094e-01
-3.651673415235465736e-01 -6.827415489397128390e-01 -5.516174646475098253e-01
4.061932432465547027e-01 -7.176143278898278188e-02 2.023753325567123895e-01
# Ядро сверток:
-9.217949831601239818e-01 -1.449997604336545620e-01 3.424455458355320225e-02
1.540482851202944203e-01 6.774443622942487586e-01 -4.468954106219311107e-01
-4.546945946958724227e-01 -7.540769244154974515e-01 1.667298988630562528e-01
# Ядро сверток:
-4.124175785064740363e-01 5.319228286696131569e-02 -9.143675873983905800e-02
-2.155710076540648945e-01 1.092347791220533645e-02 -5.667008576583332236e-01
7.547011626210395896e-01 -3.620600037583849434e-02 -2.082325644305047518e-01
# Ядро сверток:
-3.787002276013646807e-01 -2.474995267032884250e-01 2.085925174037755181e-01
-6.045909898491164114e-01 -1.444366352800681430e-01 -5.138874362368237581e-01
-3.046463287185731117e-01 3.930921636808579200e-01 4.660007944415593684e-02
# Ядро сверток:
-2.305350547742988643e-01 1.230703136401223030e-01 -6.305753539574783240e-01
-2.416454299772910763e-01 -1.031311883276544578e-01 -5.662274563098221858e-01
-1.224995752835460888e-01 2.676302535573756858e-01 -2.573407205483427967e-02
# Ядро сверток:
-3.026424610586402331e-01 9.275298447556681869e-02 -4.421322638678515937e-01
-1.070540378993596886e-01 -3.367159236265677702e-01 2.842966904885122492e-01
6.054854279673556050e-01 -2.579060563559951169e-01 -5.641282869792182408e-01
# Ядро сверток:
-1.729108629535315231e-02 -1.328029142633694315e-01 -4.106590953783730708e-02
-5.058239871897400874e-01 5.186958250415166782e-01 -3.545928382673865786e-02
-1.125119666410554498e-01 3.296345165869631333e-01 -1.965923004350439707e-01
# Ядро сверток:
3.326669064293694689e-01 1.162583100980024292e-01 -2.202492716940120110e-01
1.256991028403851296e-01 -2.580931183165749987e-01 2.966957940120700243e-01
-3.071440583701894877e-01 -1.307453654900999143e-02 2.027014136909418840e-01
# Ядро сверток:
-3.985627351591032319e-01 6.778010324022384347e-01 -7.335086247953819250e-01
-5.622398115618546521e-01 -1.303905249467082750e-01 3.532225448192683470e-01
3.737514646343215868e-02 -9.351187998817662994e-02 6.365650140393906975e-01
# Ядро сверток:
1.861607302612165726e-01 3.091554321582562492e-01 4.842745244731349596e-01
2.724547147400694924e-01 -2.097984384011199743e-01 2.667740296398499189e-02
-5.775253973912298777e-01 9.851481078298134075e-02 1.203401625930992508e-01
# Ядро сверток:
6.481947886357960487e-01 2.742687420101395657e-01 -8.208576433920643234e-02
-9.002501844995491886e-02 -1.260955912073141172e-01 -1.176184247379859354e-01
2.515930047778334733e-01 -3.446397934386217221e-01 -6.548021809053740094e-01
# Ядро сверток:
8.246093228152476251e-02 2.568866473327932609e-01 -2.553785010456157689e-01
2.738451798620459426e-02 -5.749334676693288460e-01 -3.645875036988310836e-01
-3.643205655942306498e-01 -4.039778640484591454e-01 6.705805526174517250e-02
# Ядро сверток:
-1.534201731227868501e-02 -2.957977283525970447e-01 -5.814516846068179534e-01
-5.688514490182159378e-01 -7.692060685795265584e-02 4.924934395473503507e-02
-4.465642739628514213e-01 -1.014193990981492766e+00 3.191113424875433591e-01
# Ядро сверток:
2.017109297641176691e-01 -2.692808226988426812e-01 3.244674177961212602e-01
3.389448293458180439e-01 -1.125016912952536696e-01 -3.395988787439575551e-01
-2.164748889562615464e-01 1.302879910015840581e-01 3.115146004576596073e-01
# Ядро сверток:
3.277514731366656386e-01 -3.047975984276068279e-02 9.025995497525571287e-02
4.069234921683948514e-01 2.877744352913279013e-01 -3.233880800237598496e-01
-6.863867564103603991e-02 -1.448489114576017589e-01 1.388509936948827475e-02
# Ядро сверток:
-6.441025692132693603e-01 -4.545490486283408904e-01 -5.501134157534468549e-01
-3.529410202730549062e-01 3.453878569459662429e-01 -4.187562547459417611e-02
-1.177820034630811391e-01 -3.726027498737989885e-01 -8.310711516441270097e-02
# Ядро сверток:
7.921785131906712574e-02 2.724845117631534142e-01 -4.496191473983273124e-01
1.336722235444922913e-01 -3.729140754763776155e-01 -3.472906752758734422e-02
-1.792440627443184775e-01 -3.230560698792900309e-01 -1.469752004283357005e-01
# Ядро сверток:
4.348332361270565993e-01 -2.801407595966776687e-01 -6.229081623089163244e-01
7.008511110376804305e-03 1.568259474394256489e-02 5.113566843838862619e-01
-4.026887866493120693e-01 5.679941185097271417e-01 -2.635857615040159141e-01
# Ядро сверток:
2.588277995688271771e-01 -2.443499317208170929e-01 4.129567262326231947e-01
-1.925052956668389936e-01 -4.946951929328571307e-01 -1.797704444442060623e-01
3.397945851512847448e-01 -4.770277609084058734e-01 2.948879212879069733e-01
# Ядро сверток:
-1.961331050035581558e-01 -3.690626902047153823e-01 2.081484040818439296e-01
5.263102351261719214e-01 7.476158335645405328e-02 -6.005181369712665057e-02
-2.923000722288718878e-01 3.020233171748480383e-01 -1.625381545630968649e-01
# Ядро сверток:
-2.171633530047046845e-01 2.977587405479727445e-01 -1.729230584893927669e-01
1.019258226727088185e-01 -8.767204132858359700e-02 3.218949169900953700e-01
-3.195776963918699632e-03 -2.050566877993344472e-01 3.829455718375746748e-02
# Ядро сверток:
2.699915958396214566e-01 2.885583231980433649e-01 1.741263356375112314e-01
-1.675917072614928893e-01 1.382604845885299916e-01 2.715918442593679219e-02
2.376719811804766935e-01 4.580921391178082169e-01 -4.458676983376599345e-01
# Ядро сверток:
-1.341662648981568062e-01 9.233916163982179570e-02 -8.173730022329578349e-02
-7.757214283200247751e-02 -8.153169976196110724e-01 1.562475617210487833e-01
-2.633873850812926132e-01 5.069706229573486128e-02 -1.646091499825339810e-01
# Ядро сверток:
-1.687086862871078619e-01 -6.707111153594290665e-01 4.377061256807968787e-02
2.720252321869202627e-01 -5.136643656559282123e-01 -1.516932752597310030e-01
-4.281743925930039940e-02 2.503734912243704147e-01 -6.693713298819324864e-01
# Ядро сверток:
-2.008809504324887141e-01 -2.662263761218965352e-01 -6.081836272727531023e-01
-1.124960460770807608e-01 1.295001397209122329e-01 -5.039308559366401097e-02
4.203385600129697086e-01 -3.370737110341451848e-01 -2.976954005370633372e-01
# Ядро сверток:
-3.509540374970820387e-01 1.470060205573872104e-02 -5.411455595545082708e-01
-3.766355653645888646e-01 -9.607212440038366552e-02 -2.689846401417636534e-01
5.352265304534203905e-01 4.315995601138591375e-01 -3.417022091361043151e-02
# Ядро сверток:
-2.869280103143966310e-01 2.299055128057891084e-01 1.977522707962471038e-01
-7.482276859250450718e-01 -6.308789972254585932e-02 3.250834576853615654e-01
-3.341684959195037052e-01 1.822792048440370904e-01 -2.163957567720644140e-02
# Ядро сверток:
-2.475238079245700162e-01 4.626940959445872692e-01 2.391946878413471755e-01
-5.266687794917134235e-01 -2.368337713056293259e-01 3.436967767103959459e-01
-2.024855935843911381e-01 -2.575942194078332248e-01 -6.358720535666246843e-01
# Ядро сверток:
-2.613436052683825173e-01 -3.517950196048172384e-01 -1.496452843228586738e-01
2.520080290025488168e-01 2.091083277437161825e-01 5.071966912634180424e-01
-3.006985163966313657e-01 1.648204054395782381e-01 1.403789489652299827e-01
# Ядро сверток:
-2.512657989753466770e-01 4.271227917746158176e-01 4.249817987500584815e-01
-9.546842691003654124e-02 -3.673966781153797379e-01 -1.668670401557403593e-01
-6.207090144772625662e-01 3.419969678914560607e-01 -3.606194298664658349e-02
# Ядро сверток:
-3.950260299663092556e-01 1.616819677394635002e-01 -2.352336507241845065e-01
3.351653612537619509e-01 -4.096768316570408852e-01 1.323708342568099272e-01
-2.337240869014627076e-01 -1.110834784370024753e-01 -1.587131526216394861e-01
# Ядро сверток:
-3.077807544208209789e-01 7.776175034683826537e-01 6.647761200081810928e-01
-1.520871133348920545e-01 5.309722122497350164e-03 1.485587035390452948e-01
4.387800373014724697e-01 1.475427652304342752e-01 3.312603594450818090e-01
# Ядро сверток:
1.885628381123715946e-01 -7.380514173404549849e-01 -2.832014765944204093e-01
1.628961546319099285e-01 -5.269753703796141719e-01 -1.402285651004238076e-01
-3.932996391971088079e-01 -2.045153287432009692e-01 8.124193091378733023e-01
# Ядро сверток:
-5.081594698516580522e-01 2.393003137924466783e-01 -5.162134620707475863e-01
-1.276237696302920388e-01 4.096199137154803438e-01 -1.710944044143343501e-01
1.418855912336844660e-01 5.176190511775723146e-02 9.299187507788725382e-02
# Ядро сверток:
-3.619320080650636484e-01 -9.714305276861549820e-02 -3.169484841516803653e-01
5.286970861600679417e-01 -1.144070476816895360e-01 3.528462711252622896e-01
-1.022298849171897756e-01 -2.457284610131240665e-01 -1.003980178146768182e-01
# Ядро сверток:
4.476611259763305095e-02 -1.436161372133611946e-01 -7.041802056677226584e-01
-4.384373493019551593e-01 -2.527778021699931266e-01 3.148929888162595864e-02
5.906965385927690493e-01 3.062244005935348401e-01 -2.063927553891076738e-01
# Ядро сверток:
1.252675627981567931e-02 -2.209818509899932615e-01 1.069986112978862924e-01
-4.883438015751435102e-01 5.352454896938827478e-01 1.040746737993376303e-01
8.335981869707122238e-02 2.245260156372416993e-01 2.347916938059931846e-01
# Ядро сверток:
7.993737575967843068e-01 3.394947804563338556e-01 4.130895555169010747e-01
-1.137920980676719873e-01 -3.894543898421107264e-02 4.474175700746930301e-02
4.332152635411846697e-01 7.925687342610355721e-03 -2.281759346823512558e-01
# Ядро сверток:
-4.659575685382221777e-01 -6.046554281749760840e-01 1.736304652738584683e-02
2.063616839276125881e-01 4.914315091279878867e-01 2.997925406366009349e-01
-3.579130907789693783e-01 -2.384972943255404820e-01 -3.940299269792286174e-01
# Ядро сверток:
1.796684019518691444e-01 1.425325637689344727e-01 9.233958395140042658e-03
2.345538475922326685e-02 -3.799634056361171353e-01 4.303364649496611155e-02
4.465075553362148897e-01 2.545690195192081701e-02 2.067780634922938843e-01
# Ядро сверток:
9.650653421894811457e-02 2.711113348798733780e-01 -2.102830885567881225e-01
4.911346510183159930e-01 -2.308766928594367662e-01 3.183315473924980266e-01
-2.095994610003002259e-02 -4.373901315747739660e-01 -5.122499080390851001e-01
# Ядро сверток:
8.027076059928556218e-02 2.177021241632740578e-01 -4.889239329512347354e-02
-2.780920260965150659e-01 -3.246167578267724618e-01 -9.830090340140413829e-01
-8.141216995162085801e-02 -2.049381205334549205e-01 1.572586894363546539e-01
# Ядро сверток:
5.688406672250525542e-01 -3.707715565044886197e-01 1.583152894679181952e-02
3.828780537451122873e-02 -9.383008167757146689e-02 -1.183621136021688197e-01
-2.633529394774855037e-01 2.052900000356872381e-02 -2.317754954685248836e-01
# Ядро сверток:
5.822340179731317900e-01 4.593579524790691870e-01 -4.962264609661315995e-01
-5.504600777942416506e-02 3.102041332993612510e-01 -1.474605614440991919e-01
3.578275310187483682e-01 1.050177344386598634e-02 1.170950820225874212e-01
# Ядро сверток:
5.078384614229556338e-01 -4.462919021895381255e-01 -2.420180433929993158e-01
-2.766167576909474568e-01 4.303365446994021348e-01 1.232055401151823798e-01
7.814943211735551065e-01 1.806443472870772338e-01 -3.420231501884454794e-02
# Ядро сверток:
-9.790243519231317526e-02 1.408791194034841043e-01 -3.681857440912665869e-01
1.656596406786210729e-01 1.458827014820088530e-01 3.383885183543479669e-01
1.029126099395309413e-01 -2.241096632986039339e-01 7.400352582479111097e-02
# Ядро сверток:
2.481785571709019811e-01 -2.098047653088106271e-02 8.966822850772385167e-02
-8.445388210340332158e-02 9.978141893456547729e-02 8.166486347039436655e-01
-4.202780087749167226e-01 -4.548588951896972987e-01 1.806659187618039064e-01
# Ядро сверток:
6.859056107029845584e-02 -9.654883075708428075e-01 1.841783543173299009e-02
-2.940515014706374664e-01 4.710960774910716298e-01 -4.616862384331962832e-01
1.019734065763162334e-01 4.746579375963935199e-01 -6.091268807111971384e-02
# Ядро сверток:
-1.632965172822334332e-01 -3.970205737533052948e-02 1.442629143170032213e-01
1.101507839812781442e-01 1.883719218500944093e-01 9.126261043398013750e-02
-3.564904839136297521e-01 1.166567759371928276e-01 -2.380311885993687537e-01
# Ядро сверток:
9.057657627633335096e-02 6.817429306895550489e-01 2.799160098311665942e-02
2.667956813569671293e-01 1.998036984787637527e-01 -1.315221990923479967e-01
-2.344362208554005289e-01 3.245880190059992065e-01 3.392817545434991255e-01
# Ядро сверток:
-3.591483550575566008e-01 -2.604182205812192175e-01 -4.575261712420143345e-01
2.442686755483004790e-01 -2.389666214199923783e-02 8.850604265622485575e-03
6.439562012337793351e-02 2.040139116337393865e-01 -7.063451429615554833e-01
# Ядро сверток:
-4.411975842430221895e-01 8.385907175703235517e-01 3.562880133069523669e-01
7.011538841620700291e-01 -6.013464753452438943e-02 -4.682270151792914947e-01
1.576978926649653945e-01 1.431853761689956817e-01 -5.387152130825745289e-01
# Ядро сверток:
3.472438845063866575e-01 6.092311808468048318e-01 2.037032738059020298e-01
1.385864485098387278e-01 4.833340779865171605e-02 8.966099974345795309e-02
-2.258594194985725501e-01 1.516371190512327480e-02 1.814857382953639076e-01
# Ядро сверток:
-1.890463226880088610e-01 -3.174510117948499133e-01 -5.291095920300323829e-01
-5.081787828836999976e-01 2.323929640188680534e-01 4.523084327912700875e-01
4.619806034951859375e-01 -7.182488608634762794e-02 -1.521069544810589591e-01
# Ядро сверток:
1.293969907366587790e-01 5.739978560832909027e-02 1.329545111603734064e-01
-3.583047121539571500e-01 1.834651686804197324e-01 -1.489492532041782058e-01
-2.283639168130790209e-01 3.185805332499853232e-02 -2.140667788945383176e-01
# Ядро сверток:
-3.827356515769673173e-01 -6.482377463852042609e-01 -7.141441835375170744e-01
7.815181092224003645e-02 -4.111620312786154474e-01 -3.331166932594621932e-01
-2.574892481873700123e-02 -4.492944405886186154e-01 -6.586503963182857024e-01
# Ядро сверток:
-4.372678838341252372e-01 -2.092188311750225738e-01 -3.125957458978467218e-01
-2.240269406469826141e-01 2.893977588465909134e-01 -6.172710984604357076e-01
1.867121176734534704e-01 -1.123060299144397894e-01 2.993805028389906822e-02
# Ядро сверток:
4.893771353541881419e-01 -2.579037037801173993e-01 -4.427973219254436876e-01
1.694763807463614824e-01 -7.145606655848361077e-01 1.851362154321272990e-01
-6.556773960217599992e-03 -2.166687463222532195e-01 -1.036714141309807768e+00
# Ядро сверток:
7.609987069028505136e-02 6.051471943312827229e-01 -3.345653576144033692e-02
-4.093708413458702067e-01 -1.209886042714229670e-01 -1.556820185278580959e-01
-2.086841025682790729e-01 -2.138970156962528846e-01 -6.191338399030691386e-01
